#
# There is insufficient memory for the Java Runtime Environment to continue.
# Native memory allocation (mmap) failed to map 4261412864 bytes for G1 virtual space
# Possible reasons:
#   The system is out of physical RAM or swap space
#   The process is running with CompressedOops enabled, and the Java Heap may be blocking the growth of the native heap
# Possible solutions:
#   Reduce memory load on the system
#   Increase physical memory or swap space
#   Check if swap backing store is full
#   Decrease Java heap size (-Xmx/-Xms)
#   Decrease number of Java threads
#   Decrease Java thread stack sizes (-Xss)
#   Set larger code cache with -XX:ReservedCodeCacheSize=
#   JVM is running with Zero Based Compressed Oops mode in which the Java heap is
#     placed in the first 32GB address space. The Java Heap base address is the
#     maximum limit for the native heap growth. Please use -XX:HeapBaseMinAddress
#     to set the Java Heap base and to place the Java Heap above 32GB virtual address.
# This output file may be truncated or incomplete.
#
#  Out of Memory Error (os_windows.cpp:3600), pid=16944, tid=30308
#
# JRE version: Java(TM) SE Runtime Environment (21.0.1+12) (build 21.0.1+12-LTS-29)
# Java VM: Java HotSpot(TM) 64-Bit Server VM (21.0.1+12-LTS-29, mixed mode, sharing, tiered, compressed oops, compressed class ptrs, g1 gc, windows-amd64)
# No core dump will be written. Minidumps are not enabled by default on client versions of Windows
#

---------------  S U M M A R Y ------------

Command Line: -Xmx16g io.qameta.allure.CommandLine generate --single-file allure-results

Host: 11th Gen Intel(R) Core(TM) i5-11400 @ 2.60GHz, 12 cores, 15G,  Windows 11 , 64 bit Build 22621 (10.0.22621.4391)
Time: Tue Dec 10 14:58:38 2024 India Standard Time elapsed time: 7.326398 seconds (0d 0h 0m 7s)

---------------  T H R E A D  ---------------

Current thread (0x0000018605fec780):  VMThread "VM Thread"          [id=30308, stack(0x0000004fa4600000,0x0000004fa4700000) (1024K)]

Stack: [0x0000004fa4600000,0x0000004fa4700000]
Native frames: (J=compiled Java code, j=interpreted, Vv=VM code, C=native code)
V  [jvm.dll+0x6c9029]
V  [jvm.dll+0x854b81]
V  [jvm.dll+0x856e5e]
V  [jvm.dll+0x857543]
V  [jvm.dll+0x280c06]
V  [jvm.dll+0x6c5715]
V  [jvm.dll+0x6ba10a]
V  [jvm.dll+0x3557ea]
V  [jvm.dll+0x35d436]
V  [jvm.dll+0x3ae1be]
V  [jvm.dll+0x3ae468]
V  [jvm.dll+0x3291fc]
V  [jvm.dll+0x329287]
V  [jvm.dll+0x36db3c]
V  [jvm.dll+0x36c33d]
V  [jvm.dll+0x328971]
V  [jvm.dll+0x36bd68]
V  [jvm.dll+0x85d048]
V  [jvm.dll+0x85e144]
V  [jvm.dll+0x85e680]
V  [jvm.dll+0x85e923]
V  [jvm.dll+0x7fd728]
V  [jvm.dll+0x6c777d]
C  [ucrtbase.dll+0x29333]
C  [KERNEL32.DLL+0x1259d]
C  [ntdll.dll+0x5af38]

VM_Operation (0x0000004fa5efdf98): G1TryInitiateConcMark, mode: safepoint, requested by thread 0x000001867ccd8a90


---------------  P R O C E S S  ---------------

Threads class SMR info:
_java_thread_list=0x000001867c78f6b0, length=22, elements={
0x000001860836f7a0, 0x0000018636a018c0, 0x0000018636a028d0, 0x0000018636a069d0,
0x0000018636a09960, 0x0000018636a09ff0, 0x0000018636a07f20, 0x0000018636a10e90,
0x0000018636a24560, 0x0000018636a0a680, 0x0000018636a085b0, 0x0000018636a08c40,
0x0000018636a07890, 0x0000018636a0ad10, 0x0000018636a092d0, 0x000001867ccd8a90,
0x000001867ccd5ca0, 0x000001867ccd76e0, 0x000001867ccd6330, 0x000001867ccd4f80,
0x000001867ccd9e40, 0x000001867ccd7d70
}

Java Threads: ( => current thread )
  0x000001860836f7a0 JavaThread "main"                              [_thread_blocked, id=19740, stack(0x0000004fa3f00000,0x0000004fa4000000) (1024K)]
  0x0000018636a018c0 JavaThread "Reference Handler"          daemon [_thread_blocked, id=18588, stack(0x0000004fa4700000,0x0000004fa4800000) (1024K)]
  0x0000018636a028d0 JavaThread "Finalizer"                  daemon [_thread_blocked, id=20204, stack(0x0000004fa4800000,0x0000004fa4900000) (1024K)]
  0x0000018636a069d0 JavaThread "Signal Dispatcher"          daemon [_thread_blocked, id=12264, stack(0x0000004fa4900000,0x0000004fa4a00000) (1024K)]
  0x0000018636a09960 JavaThread "Attach Listener"            daemon [_thread_blocked, id=1780, stack(0x0000004fa4a00000,0x0000004fa4b00000) (1024K)]
  0x0000018636a09ff0 JavaThread "Service Thread"             daemon [_thread_blocked, id=22604, stack(0x0000004fa4b00000,0x0000004fa4c00000) (1024K)]
  0x0000018636a07f20 JavaThread "Monitor Deflation Thread"   daemon [_thread_blocked, id=24500, stack(0x0000004fa4c00000,0x0000004fa4d00000) (1024K)]
  0x0000018636a10e90 JavaThread "C2 CompilerThread0"         daemon [_thread_blocked, id=7240, stack(0x0000004fa4d00000,0x0000004fa4e00000) (1024K)]
  0x0000018636a24560 JavaThread "C1 CompilerThread0"         daemon [_thread_blocked, id=12108, stack(0x0000004fa4e00000,0x0000004fa4f00000) (1024K)]
  0x0000018636a0a680 JavaThread "Notification Thread"        daemon [_thread_blocked, id=29544, stack(0x0000004fa4f00000,0x0000004fa5000000) (1024K)]
  0x0000018636a085b0 JavaThread "Common-Cleaner"             daemon [_thread_blocked, id=30072, stack(0x0000004fa5000000,0x0000004fa5100000) (1024K)]
  0x0000018636a08c40 JavaThread "ForkJoinPool.commonPool-worker-1" daemon [_thread_blocked, id=3764, stack(0x0000004fa5a00000,0x0000004fa5b00000) (1024K)]
  0x0000018636a07890 JavaThread "ForkJoinPool.commonPool-worker-2" daemon [_thread_blocked, id=19228, stack(0x0000004fa5b00000,0x0000004fa5c00000) (1024K)]
  0x0000018636a0ad10 JavaThread "ForkJoinPool.commonPool-worker-3" daemon [_thread_blocked, id=24784, stack(0x0000004fa5c00000,0x0000004fa5d00000) (1024K)]
  0x0000018636a092d0 JavaThread "ForkJoinPool.commonPool-worker-4" daemon [_thread_blocked, id=19628, stack(0x0000004fa5d00000,0x0000004fa5e00000) (1024K)]
  0x000001867ccd8a90 JavaThread "ForkJoinPool.commonPool-worker-5" daemon [_thread_blocked, id=25856, stack(0x0000004fa5e00000,0x0000004fa5f00000) (1024K)]
  0x000001867ccd5ca0 JavaThread "ForkJoinPool.commonPool-worker-6" daemon [_thread_blocked, id=16372, stack(0x0000004fa5f00000,0x0000004fa6000000) (1024K)]
  0x000001867ccd76e0 JavaThread "ForkJoinPool.commonPool-worker-7" daemon [_thread_blocked, id=21624, stack(0x0000004fa6000000,0x0000004fa6100000) (1024K)]
  0x000001867ccd6330 JavaThread "ForkJoinPool.commonPool-worker-8" daemon [_thread_blocked, id=23104, stack(0x0000004fa6100000,0x0000004fa6200000) (1024K)]
  0x000001867ccd4f80 JavaThread "ForkJoinPool.commonPool-worker-11" daemon [_thread_blocked, id=20628, stack(0x0000004fa6200000,0x0000004fa6300000) (1024K)]
  0x000001867ccd9e40 JavaThread "ForkJoinPool.commonPool-worker-9" daemon [_thread_blocked, id=16808, stack(0x0000004fa6300000,0x0000004fa6400000) (1024K)]
  0x000001867ccd7d70 JavaThread "ForkJoinPool.commonPool-worker-10" daemon [_thread_blocked, id=12628, stack(0x0000004fa6400000,0x0000004fa6500000) (1024K)]
Total: 22

Other Threads:
=>0x0000018605fec780 VMThread "VM Thread"                           [id=30308, stack(0x0000004fa4600000,0x0000004fa4700000) (1024K)]
  0x0000018633efc4e0 WatcherThread "VM Periodic Task Thread"        [id=26224, stack(0x0000004fa4500000,0x0000004fa4600000) (1024K)]
  0x0000018605fec3e0 WorkerThread "GC Thread#0"                     [id=31676, stack(0x0000004fa4000000,0x0000004fa4100000) (1024K)]
  0x0000018605fed260 WorkerThread "GC Thread#1"                     [id=11532, stack(0x0000004fa5300000,0x0000004fa5400000) (1024K)]
  0x0000018605febca0 WorkerThread "GC Thread#2"                     [id=28632, stack(0x0000004fa5400000,0x0000004fa5500000) (1024K)]
  0x0000018605fec040 WorkerThread "GC Thread#3"                     [id=18060, stack(0x0000004fa5500000,0x0000004fa5600000) (1024K)]
  0x000001867c7474b0 WorkerThread "GC Thread#4"                     [id=13368, stack(0x0000004fa5600000,0x0000004fa5700000) (1024K)]
  0x000001867c745b50 WorkerThread "GC Thread#5"                     [id=18124, stack(0x0000004fa5700000,0x0000004fa5800000) (1024K)]
  0x000001867c7486d0 WorkerThread "GC Thread#6"                     [id=30692, stack(0x0000004fa5800000,0x0000004fa5900000) (1024K)]
  0x000001867c747f90 WorkerThread "GC Thread#7"                     [id=26444, stack(0x0000004fa5900000,0x0000004fa5a00000) (1024K)]
  0x000001867c745410 WorkerThread "GC Thread#8"                     [id=164, stack(0x0000004fa6500000,0x0000004fa6600000) (1024K)]
  0x000001867c745ef0 WorkerThread "GC Thread#9"                     [id=26132, stack(0x0000004fa6600000,0x0000004fa6700000) (1024K)]
  0x00000186084257f0 ConcurrentGCThread "G1 Main Marker"            [id=1344, stack(0x0000004fa4100000,0x0000004fa4200000) (1024K)]
  0x0000018605fecec0 WorkerThread "G1 Conc#0"                       [id=25772, stack(0x0000004fa4200000,0x0000004fa4300000) (1024K)]
  0x000001867c7457b0 WorkerThread "G1 Conc#1"                       [id=3996, stack(0x0000004fa6700000,0x0000004fa6800000) (1024K)]
  0x000001867c746290 WorkerThread "G1 Conc#2"                       [id=28516, stack(0x0000004fa6800000,0x0000004fa6900000) (1024K)]
  0x0000018633dcf770 ConcurrentGCThread "G1 Refine#0"               [id=1368, stack(0x0000004fa4300000,0x0000004fa4400000) (1024K)]
  0x0000018633dd02e0 ConcurrentGCThread "G1 Service"                [id=9960, stack(0x0000004fa4400000,0x0000004fa4500000) (1024K)]
Total: 18

Threads with active compile tasks:
Total: 0

VM state: at safepoint (normal execution)

VM Mutex/Monitor currently owned by a thread:  ([mutex/lock_event])
[0x00007ff8f0a2a5f8] Threads_lock - owner thread: 0x0000018605fec780
[0x00007ff8f0a2a6f8] Heap_lock - owner thread: 0x000001867ccd8a90

Heap address: 0x0000000400000000, size: 16384 MB, Compressed Oops mode: Zero based, Oop shift amount: 3

CDS archive(s) mapped at: [0x0000018637000000-0x0000018637c90000-0x0000018637c90000), size 13172736, SharedBaseAddress: 0x0000018637000000, ArchiveRelocationMode: 1.
Compressed class space mapped at: 0x0000018638000000-0x0000018678000000, reserved size: 1073741824
Narrow klass base: 0x0000018637000000, Narrow klass shift: 0, Narrow klass range: 0x100000000

GC Precious Log:
 CardTable entry size: 512
 Card Set container configuration: InlinePtr #cards 4 size 8 Array Of Cards #cards 64 size 144 Howl #buckets 8 coarsen threshold 14745 Howl Bitmap #cards 2048 size 272 coarsen threshold 1843 Card regions per heap region 1 cards per card region 16384
 CPUs: 12 total, 12 available
 Memory: 16149M
 Large Page Support: Disabled
 NUMA Support: Disabled
 Compressed Oops: Enabled (Zero based)
 Heap Region Size: 8M
 Heap Min Capacity: 8M
 Heap Initial Capacity: 256M
 Heap Max Capacity: 16G
 Pre-touch: Disabled
 Parallel Workers: 10
 Concurrent Workers: 3
 Concurrent Refinement Workers: 10
 Periodic GC: Disabled

Heap:
 garbage-first heap   total 5849088K, used 2627462K [0x0000000400000000, 0x0000000800000000)
  region size 8192K, 4 young (32768K), 4 survivors (32768K)
 Metaspace       used 19508K, committed 19840K, reserved 1114112K
  class space    used 2293K, committed 2432K, reserved 1048576K

Heap Regions: E=young(eden), S=young(survivor), O=old, HS=humongous(starts), HC=humongous(continues), CS=collection set, F=free, TAMS=top-at-mark-start, PB=parsable bottom
|   0|0x0000000400000000, 0x0000000400800000, 0x0000000400800000|100%| O|  |TAMS 0x0000000400800000| PB 0x0000000400000000| Untracked 
|   1|0x0000000400800000, 0x0000000401000000, 0x0000000401000000|100%|HS|  |TAMS 0x0000000401000000| PB 0x0000000400800000| Complete 
|   2|0x0000000401000000, 0x0000000401800000, 0x0000000401800000|100%|HC|  |TAMS 0x0000000401800000| PB 0x0000000401000000| Complete 
|   3|0x0000000401800000, 0x0000000402000000, 0x0000000402000000|100%|HS|  |TAMS 0x0000000402000000| PB 0x0000000401800000| Complete 
|   4|0x0000000402000000, 0x0000000402800000, 0x0000000402800000|100%|HC|  |TAMS 0x0000000402800000| PB 0x0000000402000000| Complete 
|   5|0x0000000402800000, 0x0000000403000000, 0x0000000403000000|100%|HS|  |TAMS 0x0000000403000000| PB 0x0000000402800000| Complete 
|   6|0x0000000403000000, 0x0000000403800000, 0x0000000403800000|100%|HC|  |TAMS 0x0000000403800000| PB 0x0000000403000000| Complete 
|   7|0x0000000403800000, 0x0000000404000000, 0x0000000404000000|100%|HS|  |TAMS 0x0000000404000000| PB 0x0000000403800000| Complete 
|   8|0x0000000404000000, 0x0000000404800000, 0x0000000404800000|100%|HC|  |TAMS 0x0000000404800000| PB 0x0000000404000000| Complete 
|   9|0x0000000404800000, 0x0000000405000000, 0x0000000405000000|100%|HS|  |TAMS 0x0000000405000000| PB 0x0000000404800000| Complete 
|  10|0x0000000405000000, 0x0000000405800000, 0x0000000405800000|100%|HC|  |TAMS 0x0000000405800000| PB 0x0000000405000000| Complete 
|  11|0x0000000405800000, 0x0000000406000000, 0x0000000406000000|100%|HS|  |TAMS 0x0000000406000000| PB 0x0000000405800000| Complete 
|  12|0x0000000406000000, 0x0000000406800000, 0x0000000406800000|100%|HC|  |TAMS 0x0000000406800000| PB 0x0000000406000000| Complete 
|  13|0x0000000406800000, 0x0000000407000000, 0x0000000407000000|100%|HS|  |TAMS 0x0000000407000000| PB 0x0000000406800000| Complete 
|  14|0x0000000407000000, 0x0000000407800000, 0x0000000407800000|100%|HC|  |TAMS 0x0000000407800000| PB 0x0000000407000000| Complete 
|  15|0x0000000407800000, 0x0000000408000000, 0x0000000408000000|100%|HS|  |TAMS 0x0000000408000000| PB 0x0000000407800000| Complete 
|  16|0x0000000408000000, 0x0000000408800000, 0x0000000408800000|100%|HC|  |TAMS 0x0000000408800000| PB 0x0000000408000000| Complete 
|  17|0x0000000408800000, 0x0000000409000000, 0x0000000409000000|100%|HS|  |TAMS 0x0000000409000000| PB 0x0000000408800000| Complete 
|  18|0x0000000409000000, 0x0000000409800000, 0x0000000409800000|100%|HC|  |TAMS 0x0000000409800000| PB 0x0000000409000000| Complete 
|  19|0x0000000409800000, 0x000000040a000000, 0x000000040a000000|100%|HS|  |TAMS 0x000000040a000000| PB 0x0000000409800000| Complete 
|  20|0x000000040a000000, 0x000000040a800000, 0x000000040a800000|100%|HC|  |TAMS 0x000000040a800000| PB 0x000000040a000000| Complete 
|  21|0x000000040a800000, 0x000000040b000000, 0x000000040b000000|100%|HS|  |TAMS 0x000000040b000000| PB 0x000000040a800000| Complete 
|  22|0x000000040b000000, 0x000000040b800000, 0x000000040b800000|100%|HC|  |TAMS 0x000000040b800000| PB 0x000000040b000000| Complete 
|  23|0x000000040b800000, 0x000000040c000000, 0x000000040c000000|100%| O|  |TAMS 0x000000040c000000| PB 0x000000040b800000| Untracked 
|  24|0x000000040c000000, 0x000000040c800000, 0x000000040c800000|100%| O|  |TAMS 0x000000040c800000| PB 0x000000040c000000| Untracked 
|  25|0x000000040c800000, 0x000000040d000000, 0x000000040d000000|100%| O|  |TAMS 0x000000040d000000| PB 0x000000040c800000| Untracked 
|  26|0x000000040d000000, 0x000000040d800000, 0x000000040d800000|100%|HS|  |TAMS 0x000000040d800000| PB 0x000000040d000000| Complete 
|  27|0x000000040d800000, 0x000000040e000000, 0x000000040e000000|100%|HC|  |TAMS 0x000000040e000000| PB 0x000000040d800000| Complete 
|  28|0x000000040e000000, 0x000000040e800000, 0x000000040e800000|100%|HS|  |TAMS 0x000000040e800000| PB 0x000000040e000000| Complete 
|  29|0x000000040e800000, 0x000000040f000000, 0x000000040f000000|100%|HC|  |TAMS 0x000000040f000000| PB 0x000000040e800000| Complete 
|  30|0x000000040f000000, 0x000000040f800000, 0x000000040f800000|100%|HS|  |TAMS 0x000000040f800000| PB 0x000000040f000000| Complete 
|  31|0x000000040f800000, 0x0000000410000000, 0x0000000410000000|100%|HC|  |TAMS 0x0000000410000000| PB 0x000000040f800000| Complete 
|  32|0x0000000410000000, 0x0000000410800000, 0x0000000410800000|100%|HS|  |TAMS 0x0000000410800000| PB 0x0000000410000000| Complete 
|  33|0x0000000410800000, 0x0000000411000000, 0x0000000411000000|100%|HC|  |TAMS 0x0000000411000000| PB 0x0000000410800000| Complete 
|  34|0x0000000411000000, 0x0000000411800000, 0x0000000411800000|100%|HS|  |TAMS 0x0000000411800000| PB 0x0000000411000000| Complete 
|  35|0x0000000411800000, 0x0000000412000000, 0x0000000412000000|100%|HC|  |TAMS 0x0000000412000000| PB 0x0000000411800000| Complete 
|  36|0x0000000412000000, 0x0000000412800000, 0x0000000412800000|100%|HS|  |TAMS 0x0000000412800000| PB 0x0000000412000000| Complete 
|  37|0x0000000412800000, 0x0000000413000000, 0x0000000413000000|100%|HC|  |TAMS 0x0000000413000000| PB 0x0000000412800000| Complete 
|  38|0x0000000413000000, 0x0000000413800000, 0x0000000413800000|100%|HS|  |TAMS 0x0000000413800000| PB 0x0000000413000000| Complete 
|  39|0x0000000413800000, 0x0000000414000000, 0x0000000414000000|100%|HC|  |TAMS 0x0000000414000000| PB 0x0000000413800000| Complete 
|  40|0x0000000414000000, 0x0000000414800000, 0x0000000414800000|100%|HS|  |TAMS 0x0000000414800000| PB 0x0000000414000000| Complete 
|  41|0x0000000414800000, 0x0000000415000000, 0x0000000415000000|100%|HC|  |TAMS 0x0000000415000000| PB 0x0000000414800000| Complete 
|  42|0x0000000415000000, 0x0000000415800000, 0x0000000415800000|100%|HS|  |TAMS 0x0000000415800000| PB 0x0000000415000000| Complete 
|  43|0x0000000415800000, 0x0000000416000000, 0x0000000416000000|100%|HC|  |TAMS 0x0000000416000000| PB 0x0000000415800000| Complete 
|  44|0x0000000416000000, 0x0000000416800000, 0x0000000416800000|100%|HS|  |TAMS 0x0000000416800000| PB 0x0000000416000000| Complete 
|  45|0x0000000416800000, 0x0000000417000000, 0x0000000417000000|100%|HC|  |TAMS 0x0000000417000000| PB 0x0000000416800000| Complete 
|  46|0x0000000417000000, 0x0000000417800000, 0x0000000417800000|100%|HC|  |TAMS 0x0000000417800000| PB 0x0000000417000000| Complete 
|  47|0x0000000417800000, 0x0000000418000000, 0x0000000418000000|100%| O|  |TAMS 0x0000000418000000| PB 0x0000000417800000| Untracked 
|  48|0x0000000418000000, 0x0000000418800000, 0x0000000418800000|100%|HS|  |TAMS 0x0000000418800000| PB 0x0000000418000000| Complete 
|  49|0x0000000418800000, 0x0000000419000000, 0x0000000419000000|100%|HC|  |TAMS 0x0000000419000000| PB 0x0000000418800000| Complete 
|  50|0x0000000419000000, 0x0000000419800000, 0x0000000419800000|100%|HS|  |TAMS 0x0000000419800000| PB 0x0000000419000000| Complete 
|  51|0x0000000419800000, 0x000000041a000000, 0x000000041a000000|100%|HC|  |TAMS 0x000000041a000000| PB 0x0000000419800000| Complete 
|  52|0x000000041a000000, 0x000000041a800000, 0x000000041a800000|100%|HS|  |TAMS 0x000000041a800000| PB 0x000000041a000000| Complete 
|  53|0x000000041a800000, 0x000000041b000000, 0x000000041b000000|100%|HC|  |TAMS 0x000000041b000000| PB 0x000000041a800000| Complete 
|  54|0x000000041b000000, 0x000000041b800000, 0x000000041b800000|100%|HS|  |TAMS 0x000000041b800000| PB 0x000000041b000000| Complete 
|  55|0x000000041b800000, 0x000000041c000000, 0x000000041c000000|100%|HC|  |TAMS 0x000000041c000000| PB 0x000000041b800000| Complete 
|  56|0x000000041c000000, 0x000000041c800000, 0x000000041c800000|100%|HC|  |TAMS 0x000000041c800000| PB 0x000000041c000000| Complete 
|  57|0x000000041c800000, 0x000000041d000000, 0x000000041d000000|100%|HS|  |TAMS 0x000000041d000000| PB 0x000000041c800000| Complete 
|  58|0x000000041d000000, 0x000000041d800000, 0x000000041d800000|100%|HC|  |TAMS 0x000000041d800000| PB 0x000000041d000000| Complete 
|  59|0x000000041d800000, 0x000000041e000000, 0x000000041e000000|100%|HS|  |TAMS 0x000000041e000000| PB 0x000000041d800000| Complete 
|  60|0x000000041e000000, 0x000000041e800000, 0x000000041e800000|100%|HC|  |TAMS 0x000000041e800000| PB 0x000000041e000000| Complete 
|  61|0x000000041e800000, 0x000000041f000000, 0x000000041f000000|100%|HS|  |TAMS 0x000000041f000000| PB 0x000000041e800000| Complete 
|  62|0x000000041f000000, 0x000000041f800000, 0x000000041f800000|100%|HC|  |TAMS 0x000000041f800000| PB 0x000000041f000000| Complete 
|  63|0x000000041f800000, 0x0000000420000000, 0x0000000420000000|100%|HS|  |TAMS 0x0000000420000000| PB 0x000000041f800000| Complete 
|  64|0x0000000420000000, 0x0000000420800000, 0x0000000420800000|100%|HC|  |TAMS 0x0000000420800000| PB 0x0000000420000000| Complete 
|  65|0x0000000420800000, 0x0000000421000000, 0x0000000421000000|100%|HS|  |TAMS 0x0000000421000000| PB 0x0000000420800000| Complete 
|  66|0x0000000421000000, 0x0000000421800000, 0x0000000421800000|100%|HC|  |TAMS 0x0000000421800000| PB 0x0000000421000000| Complete 
|  67|0x0000000421800000, 0x0000000422000000, 0x0000000422000000|100%|HS|  |TAMS 0x0000000422000000| PB 0x0000000421800000| Complete 
|  68|0x0000000422000000, 0x0000000422800000, 0x0000000422800000|100%|HC|  |TAMS 0x0000000422800000| PB 0x0000000422000000| Complete 
|  69|0x0000000422800000, 0x0000000423000000, 0x0000000423000000|100%|HS|  |TAMS 0x0000000423000000| PB 0x0000000422800000| Complete 
|  70|0x0000000423000000, 0x0000000423800000, 0x0000000423800000|100%|HC|  |TAMS 0x0000000423800000| PB 0x0000000423000000| Complete 
|  71|0x0000000423800000, 0x0000000424000000, 0x0000000424000000|100%|HS|  |TAMS 0x0000000424000000| PB 0x0000000423800000| Complete 
|  72|0x0000000424000000, 0x0000000424800000, 0x0000000424800000|100%|HC|  |TAMS 0x0000000424800000| PB 0x0000000424000000| Complete 
|  73|0x0000000424800000, 0x0000000425000000, 0x0000000425000000|100%|HC|  |TAMS 0x0000000425000000| PB 0x0000000424800000| Complete 
|  74|0x0000000425000000, 0x0000000425800000, 0x0000000425800000|100%|HS|  |TAMS 0x0000000425800000| PB 0x0000000425000000| Complete 
|  75|0x0000000425800000, 0x0000000426000000, 0x0000000426000000|100%|HC|  |TAMS 0x0000000426000000| PB 0x0000000425800000| Complete 
|  76|0x0000000426000000, 0x0000000426800000, 0x0000000426800000|100%|HC|  |TAMS 0x0000000426800000| PB 0x0000000426000000| Complete 
|  77|0x0000000426800000, 0x0000000427000000, 0x0000000427000000|100%|HS|  |TAMS 0x0000000427000000| PB 0x0000000426800000| Complete 
|  78|0x0000000427000000, 0x0000000427800000, 0x0000000427800000|100%|HC|  |TAMS 0x0000000427800000| PB 0x0000000427000000| Complete 
|  79|0x0000000427800000, 0x0000000428000000, 0x0000000428000000|100%|HS|  |TAMS 0x0000000428000000| PB 0x0000000427800000| Complete 
|  80|0x0000000428000000, 0x0000000428800000, 0x0000000428800000|100%|HC|  |TAMS 0x0000000428800000| PB 0x0000000428000000| Complete 
|  81|0x0000000428800000, 0x0000000429000000, 0x0000000429000000|100%|HS|  |TAMS 0x0000000429000000| PB 0x0000000428800000| Complete 
|  82|0x0000000429000000, 0x0000000429800000, 0x0000000429800000|100%|HC|  |TAMS 0x0000000429800000| PB 0x0000000429000000| Complete 
|  83|0x0000000429800000, 0x000000042a000000, 0x000000042a000000|100%|HS|  |TAMS 0x000000042a000000| PB 0x0000000429800000| Complete 
|  84|0x000000042a000000, 0x000000042a800000, 0x000000042a800000|100%|HC|  |TAMS 0x000000042a800000| PB 0x000000042a000000| Complete 
|  85|0x000000042a800000, 0x000000042b000000, 0x000000042b000000|100%|HS|  |TAMS 0x000000042b000000| PB 0x000000042a800000| Complete 
|  86|0x000000042b000000, 0x000000042b800000, 0x000000042b800000|100%|HC|  |TAMS 0x000000042b800000| PB 0x000000042b000000| Complete 
|  87|0x000000042b800000, 0x000000042c000000, 0x000000042c000000|100%|HS|  |TAMS 0x000000042c000000| PB 0x000000042b800000| Complete 
|  88|0x000000042c000000, 0x000000042c800000, 0x000000042c800000|100%|HC|  |TAMS 0x000000042c800000| PB 0x000000042c000000| Complete 
|  89|0x000000042c800000, 0x000000042d000000, 0x000000042d000000|100%|HS|  |TAMS 0x000000042d000000| PB 0x000000042c800000| Complete 
|  90|0x000000042d000000, 0x000000042d800000, 0x000000042d800000|100%|HC|  |TAMS 0x000000042d800000| PB 0x000000042d000000| Complete 
|  91|0x000000042d800000, 0x000000042e000000, 0x000000042e000000|100%|HS|  |TAMS 0x000000042e000000| PB 0x000000042d800000| Complete 
|  92|0x000000042e000000, 0x000000042e800000, 0x000000042e800000|100%|HC|  |TAMS 0x000000042e800000| PB 0x000000042e000000| Complete 
|  93|0x000000042e800000, 0x000000042f000000, 0x000000042f000000|100%|HS|  |TAMS 0x000000042f000000| PB 0x000000042e800000| Complete 
|  94|0x000000042f000000, 0x000000042f800000, 0x000000042f800000|100%|HC|  |TAMS 0x000000042f800000| PB 0x000000042f000000| Complete 
|  95|0x000000042f800000, 0x0000000430000000, 0x0000000430000000|100%|HS|  |TAMS 0x0000000430000000| PB 0x000000042f800000| Complete 
|  96|0x0000000430000000, 0x0000000430800000, 0x0000000430800000|100%|HC|  |TAMS 0x0000000430800000| PB 0x0000000430000000| Complete 
|  97|0x0000000430800000, 0x0000000431000000, 0x0000000431000000|100%|HS|  |TAMS 0x0000000431000000| PB 0x0000000430800000| Complete 
|  98|0x0000000431000000, 0x0000000431800000, 0x0000000431800000|100%|HC|  |TAMS 0x0000000431800000| PB 0x0000000431000000| Complete 
|  99|0x0000000431800000, 0x0000000432000000, 0x0000000432000000|100%|HC|  |TAMS 0x0000000432000000| PB 0x0000000431800000| Complete 
| 100|0x0000000432000000, 0x0000000432800000, 0x0000000432800000|100%| O|  |TAMS 0x0000000432800000| PB 0x0000000432000000| Untracked 
| 101|0x0000000432800000, 0x0000000433000000, 0x0000000433000000|100%|HS|  |TAMS 0x0000000433000000| PB 0x0000000432800000| Complete 
| 102|0x0000000433000000, 0x0000000433800000, 0x0000000433800000|100%|HC|  |TAMS 0x0000000433800000| PB 0x0000000433000000| Complete 
| 103|0x0000000433800000, 0x0000000434000000, 0x0000000434000000|100%|HS|  |TAMS 0x0000000434000000| PB 0x0000000433800000| Complete 
| 104|0x0000000434000000, 0x0000000434800000, 0x0000000434800000|100%|HC|  |TAMS 0x0000000434800000| PB 0x0000000434000000| Complete 
| 105|0x0000000434800000, 0x0000000435000000, 0x0000000435000000|100%|HS|  |TAMS 0x0000000435000000| PB 0x0000000434800000| Complete 
| 106|0x0000000435000000, 0x0000000435800000, 0x0000000435800000|100%|HC|  |TAMS 0x0000000435800000| PB 0x0000000435000000| Complete 
| 107|0x0000000435800000, 0x0000000436000000, 0x0000000436000000|100%|HS|  |TAMS 0x0000000436000000| PB 0x0000000435800000| Complete 
| 108|0x0000000436000000, 0x0000000436800000, 0x0000000436800000|100%|HC|  |TAMS 0x0000000436800000| PB 0x0000000436000000| Complete 
| 109|0x0000000436800000, 0x0000000437000000, 0x0000000437000000|100%|HS|  |TAMS 0x0000000437000000| PB 0x0000000436800000| Complete 
| 110|0x0000000437000000, 0x0000000437800000, 0x0000000437800000|100%|HC|  |TAMS 0x0000000437800000| PB 0x0000000437000000| Complete 
| 111|0x0000000437800000, 0x0000000438000000, 0x0000000438000000|100%|HC|  |TAMS 0x0000000438000000| PB 0x0000000437800000| Complete 
| 112|0x0000000438000000, 0x0000000438800000, 0x0000000438800000|100%|HS|  |TAMS 0x0000000438800000| PB 0x0000000438000000| Complete 
| 113|0x0000000438800000, 0x0000000439000000, 0x0000000439000000|100%|HC|  |TAMS 0x0000000439000000| PB 0x0000000438800000| Complete 
| 114|0x0000000439000000, 0x0000000439800000, 0x0000000439800000|100%|HS|  |TAMS 0x0000000439800000| PB 0x0000000439000000| Complete 
| 115|0x0000000439800000, 0x000000043a000000, 0x000000043a000000|100%|HC|  |TAMS 0x000000043a000000| PB 0x0000000439800000| Complete 
| 116|0x000000043a000000, 0x000000043a800000, 0x000000043a800000|100%|HC|  |TAMS 0x000000043a800000| PB 0x000000043a000000| Complete 
| 117|0x000000043a800000, 0x000000043a800000, 0x000000043b000000|  0%| F|  |TAMS 0x000000043a800000| PB 0x000000043a800000| Untracked 
| 118|0x000000043b000000, 0x000000043b000000, 0x000000043b800000|  0%| F|  |TAMS 0x000000043b000000| PB 0x000000043b000000| Untracked 
| 119|0x000000043b800000, 0x000000043c000000, 0x000000043c000000|100%| O|  |TAMS 0x000000043c000000| PB 0x000000043b800000| Untracked 
| 120|0x000000043c000000, 0x000000043c800000, 0x000000043c800000|100%|HS|  |TAMS 0x000000043c800000| PB 0x000000043c000000| Complete 
| 121|0x000000043c800000, 0x000000043d000000, 0x000000043d000000|100%|HC|  |TAMS 0x000000043d000000| PB 0x000000043c800000| Complete 
| 122|0x000000043d000000, 0x000000043d800000, 0x000000043d800000|100%|HC|  |TAMS 0x000000043d800000| PB 0x000000043d000000| Complete 
| 123|0x000000043d800000, 0x000000043e000000, 0x000000043e000000|100%|HS|  |TAMS 0x000000043e000000| PB 0x000000043d800000| Complete 
| 124|0x000000043e000000, 0x000000043e800000, 0x000000043e800000|100%|HC|  |TAMS 0x000000043e800000| PB 0x000000043e000000| Complete 
| 125|0x000000043e800000, 0x000000043f000000, 0x000000043f000000|100%|HC|  |TAMS 0x000000043f000000| PB 0x000000043e800000| Complete 
| 126|0x000000043f000000, 0x000000043f800000, 0x000000043f800000|100%|HS|  |TAMS 0x000000043f800000| PB 0x000000043f000000| Complete 
| 127|0x000000043f800000, 0x0000000440000000, 0x0000000440000000|100%|HC|  |TAMS 0x0000000440000000| PB 0x000000043f800000| Complete 
| 128|0x0000000440000000, 0x0000000440800000, 0x0000000440800000|100%|HS|  |TAMS 0x0000000440800000| PB 0x0000000440000000| Complete 
| 129|0x0000000440800000, 0x0000000441000000, 0x0000000441000000|100%|HC|  |TAMS 0x0000000441000000| PB 0x0000000440800000| Complete 
| 130|0x0000000441000000, 0x0000000441800000, 0x0000000441800000|100%|HS|  |TAMS 0x0000000441800000| PB 0x0000000441000000| Complete 
| 131|0x0000000441800000, 0x0000000442000000, 0x0000000442000000|100%|HC|  |TAMS 0x0000000442000000| PB 0x0000000441800000| Complete 
| 132|0x0000000442000000, 0x0000000442800000, 0x0000000442800000|100%|HS|  |TAMS 0x0000000442800000| PB 0x0000000442000000| Complete 
| 133|0x0000000442800000, 0x0000000443000000, 0x0000000443000000|100%|HC|  |TAMS 0x0000000443000000| PB 0x0000000442800000| Complete 
| 134|0x0000000443000000, 0x0000000443800000, 0x0000000443800000|100%|HS|  |TAMS 0x0000000443800000| PB 0x0000000443000000| Complete 
| 135|0x0000000443800000, 0x0000000444000000, 0x0000000444000000|100%|HC|  |TAMS 0x0000000444000000| PB 0x0000000443800000| Complete 
| 136|0x0000000444000000, 0x0000000444800000, 0x0000000444800000|100%|HS|  |TAMS 0x0000000444800000| PB 0x0000000444000000| Complete 
| 137|0x0000000444800000, 0x0000000445000000, 0x0000000445000000|100%|HC|  |TAMS 0x0000000445000000| PB 0x0000000444800000| Complete 
| 138|0x0000000445000000, 0x0000000445800000, 0x0000000445800000|100%|HS|  |TAMS 0x0000000445800000| PB 0x0000000445000000| Complete 
| 139|0x0000000445800000, 0x0000000446000000, 0x0000000446000000|100%|HC|  |TAMS 0x0000000446000000| PB 0x0000000445800000| Complete 
| 140|0x0000000446000000, 0x0000000446800000, 0x0000000446800000|100%|HS|  |TAMS 0x0000000446800000| PB 0x0000000446000000| Complete 
| 141|0x0000000446800000, 0x0000000447000000, 0x0000000447000000|100%|HC|  |TAMS 0x0000000447000000| PB 0x0000000446800000| Complete 
| 142|0x0000000447000000, 0x0000000447800000, 0x0000000447800000|100%|HC|  |TAMS 0x0000000447800000| PB 0x0000000447000000| Complete 
| 143|0x0000000447800000, 0x0000000448000000, 0x0000000448000000|100%|HS|  |TAMS 0x0000000448000000| PB 0x0000000447800000| Complete 
| 144|0x0000000448000000, 0x0000000448800000, 0x0000000448800000|100%|HC|  |TAMS 0x0000000448800000| PB 0x0000000448000000| Complete 
| 145|0x0000000448800000, 0x0000000449000000, 0x0000000449000000|100%|HC|  |TAMS 0x0000000449000000| PB 0x0000000448800000| Complete 
| 146|0x0000000449000000, 0x0000000449800000, 0x0000000449800000|100%|HS|  |TAMS 0x0000000449800000| PB 0x0000000449000000| Complete 
| 147|0x0000000449800000, 0x000000044a000000, 0x000000044a000000|100%|HC|  |TAMS 0x000000044a000000| PB 0x0000000449800000| Complete 
| 148|0x000000044a000000, 0x000000044a800000, 0x000000044a800000|100%|HS|  |TAMS 0x000000044a800000| PB 0x000000044a000000| Complete 
| 149|0x000000044a800000, 0x000000044b000000, 0x000000044b000000|100%|HC|  |TAMS 0x000000044b000000| PB 0x000000044a800000| Complete 
| 150|0x000000044b000000, 0x000000044b6c7138, 0x000000044b800000| 84%| O|  |TAMS 0x000000044b6c7138| PB 0x000000044b000000| Untracked 
| 151|0x000000044b800000, 0x000000044c000000, 0x000000044c000000|100%|HS|  |TAMS 0x000000044c000000| PB 0x000000044b800000| Complete 
| 152|0x000000044c000000, 0x000000044c800000, 0x000000044c800000|100%|HC|  |TAMS 0x000000044c800000| PB 0x000000044c000000| Complete 
| 153|0x000000044c800000, 0x000000044d000000, 0x000000044d000000|100%|HC|  |TAMS 0x000000044d000000| PB 0x000000044c800000| Complete 
| 154|0x000000044d000000, 0x000000044d800000, 0x000000044d800000|100%|HS|  |TAMS 0x000000044d800000| PB 0x000000044d000000| Complete 
| 155|0x000000044d800000, 0x000000044e000000, 0x000000044e000000|100%|HC|  |TAMS 0x000000044e000000| PB 0x000000044d800000| Complete 
| 156|0x000000044e000000, 0x000000044e800000, 0x000000044e800000|100%|HS|  |TAMS 0x000000044e800000| PB 0x000000044e000000| Complete 
| 157|0x000000044e800000, 0x000000044f000000, 0x000000044f000000|100%|HC|  |TAMS 0x000000044f000000| PB 0x000000044e800000| Complete 
| 158|0x000000044f000000, 0x000000044f800000, 0x000000044f800000|100%|HS|  |TAMS 0x000000044f800000| PB 0x000000044f000000| Complete 
| 159|0x000000044f800000, 0x0000000450000000, 0x0000000450000000|100%|HC|  |TAMS 0x0000000450000000| PB 0x000000044f800000| Complete 
| 160|0x0000000450000000, 0x0000000450000000, 0x0000000450800000|  0%| F|  |TAMS 0x0000000450000000| PB 0x0000000450000000| Untracked 
| 161|0x0000000450800000, 0x0000000450800000, 0x0000000451000000|  0%| F|  |TAMS 0x0000000450800000| PB 0x0000000450800000| Untracked 
| 162|0x0000000451000000, 0x0000000451800000, 0x0000000451800000|100%|HS|  |TAMS 0x0000000451800000| PB 0x0000000451000000| Complete 
| 163|0x0000000451800000, 0x0000000452000000, 0x0000000452000000|100%|HC|  |TAMS 0x0000000452000000| PB 0x0000000451800000| Complete 
| 164|0x0000000452000000, 0x0000000452800000, 0x0000000452800000|100%|HS|  |TAMS 0x0000000452800000| PB 0x0000000452000000| Complete 
| 165|0x0000000452800000, 0x0000000453000000, 0x0000000453000000|100%|HC|  |TAMS 0x0000000453000000| PB 0x0000000452800000| Complete 
| 166|0x0000000453000000, 0x0000000453800000, 0x0000000453800000|100%|HS|  |TAMS 0x0000000453800000| PB 0x0000000453000000| Complete 
| 167|0x0000000453800000, 0x0000000454000000, 0x0000000454000000|100%|HC|  |TAMS 0x0000000454000000| PB 0x0000000453800000| Complete 
| 168|0x0000000454000000, 0x0000000454800000, 0x0000000454800000|100%|HC|  |TAMS 0x0000000454800000| PB 0x0000000454000000| Complete 
| 169|0x0000000454800000, 0x0000000455000000, 0x0000000455000000|100%|HS|  |TAMS 0x0000000455000000| PB 0x0000000454800000| Complete 
| 170|0x0000000455000000, 0x0000000455800000, 0x0000000455800000|100%|HC|  |TAMS 0x0000000455800000| PB 0x0000000455000000| Complete 
| 171|0x0000000455800000, 0x0000000456000000, 0x0000000456000000|100%|HC|  |TAMS 0x0000000456000000| PB 0x0000000455800000| Complete 
| 172|0x0000000456000000, 0x0000000456800000, 0x0000000456800000|100%|HS|  |TAMS 0x0000000456800000| PB 0x0000000456000000| Complete 
| 173|0x0000000456800000, 0x0000000457000000, 0x0000000457000000|100%|HC|  |TAMS 0x0000000457000000| PB 0x0000000456800000| Complete 
| 174|0x0000000457000000, 0x0000000457800000, 0x0000000457800000|100%|HS|  |TAMS 0x0000000457800000| PB 0x0000000457000000| Complete 
| 175|0x0000000457800000, 0x0000000458000000, 0x0000000458000000|100%|HC|  |TAMS 0x0000000458000000| PB 0x0000000457800000| Complete 
| 176|0x0000000458000000, 0x0000000458800000, 0x0000000458800000|100%|HC|  |TAMS 0x0000000458800000| PB 0x0000000458000000| Complete 
| 177|0x0000000458800000, 0x0000000459000000, 0x0000000459000000|100%|HS|  |TAMS 0x0000000459000000| PB 0x0000000458800000| Complete 
| 178|0x0000000459000000, 0x0000000459800000, 0x0000000459800000|100%|HC|  |TAMS 0x0000000459800000| PB 0x0000000459000000| Complete 
| 179|0x0000000459800000, 0x000000045a000000, 0x000000045a000000|100%|HS|  |TAMS 0x000000045a000000| PB 0x0000000459800000| Complete 
| 180|0x000000045a000000, 0x000000045a800000, 0x000000045a800000|100%|HC|  |TAMS 0x000000045a800000| PB 0x000000045a000000| Complete 
| 181|0x000000045a800000, 0x000000045b000000, 0x000000045b000000|100%|HC|  |TAMS 0x000000045b000000| PB 0x000000045a800000| Complete 
| 182|0x000000045b000000, 0x000000045b800000, 0x000000045b800000|100%|HS|  |TAMS 0x000000045b800000| PB 0x000000045b000000| Complete 
| 183|0x000000045b800000, 0x000000045c000000, 0x000000045c000000|100%|HC|  |TAMS 0x000000045c000000| PB 0x000000045b800000| Complete 
| 184|0x000000045c000000, 0x000000045c800000, 0x000000045c800000|100%|HC|  |TAMS 0x000000045c800000| PB 0x000000045c000000| Complete 
| 185|0x000000045c800000, 0x000000045d000000, 0x000000045d000000|100%|HS|  |TAMS 0x000000045d000000| PB 0x000000045c800000| Complete 
| 186|0x000000045d000000, 0x000000045d800000, 0x000000045d800000|100%|HC|  |TAMS 0x000000045d800000| PB 0x000000045d000000| Complete 
| 187|0x000000045d800000, 0x000000045e000000, 0x000000045e000000|100%|HC|  |TAMS 0x000000045e000000| PB 0x000000045d800000| Complete 
| 188|0x000000045e000000, 0x000000045e800000, 0x000000045e800000|100%|HS|  |TAMS 0x000000045e800000| PB 0x000000045e000000| Complete 
| 189|0x000000045e800000, 0x000000045f000000, 0x000000045f000000|100%|HC|  |TAMS 0x000000045f000000| PB 0x000000045e800000| Complete 
| 190|0x000000045f000000, 0x000000045f800000, 0x000000045f800000|100%|HS|  |TAMS 0x000000045f800000| PB 0x000000045f000000| Complete 
| 191|0x000000045f800000, 0x0000000460000000, 0x0000000460000000|100%|HC|  |TAMS 0x0000000460000000| PB 0x000000045f800000| Complete 
| 192|0x0000000460000000, 0x0000000460800000, 0x0000000460800000|100%|HS|  |TAMS 0x0000000460800000| PB 0x0000000460000000| Complete 
| 193|0x0000000460800000, 0x0000000461000000, 0x0000000461000000|100%|HC|  |TAMS 0x0000000461000000| PB 0x0000000460800000| Complete 
| 194|0x0000000461000000, 0x0000000461800000, 0x0000000461800000|100%|HS|  |TAMS 0x0000000461800000| PB 0x0000000461000000| Complete 
| 195|0x0000000461800000, 0x0000000462000000, 0x0000000462000000|100%|HC|  |TAMS 0x0000000462000000| PB 0x0000000461800000| Complete 
| 196|0x0000000462000000, 0x0000000462800000, 0x0000000462800000|100%|HS|  |TAMS 0x0000000462800000| PB 0x0000000462000000| Complete 
| 197|0x0000000462800000, 0x0000000463000000, 0x0000000463000000|100%|HC|  |TAMS 0x0000000463000000| PB 0x0000000462800000| Complete 
| 198|0x0000000463000000, 0x0000000463800000, 0x0000000463800000|100%|HS|  |TAMS 0x0000000463800000| PB 0x0000000463000000| Complete 
| 199|0x0000000463800000, 0x0000000464000000, 0x0000000464000000|100%|HC|  |TAMS 0x0000000464000000| PB 0x0000000463800000| Complete 
| 200|0x0000000464000000, 0x0000000464000000, 0x0000000464800000|  0%| F|  |TAMS 0x0000000464000000| PB 0x0000000464000000| Untracked 
| 201|0x0000000464800000, 0x0000000465000000, 0x0000000465000000|100%|HS|  |TAMS 0x0000000465000000| PB 0x0000000464800000| Complete 
| 202|0x0000000465000000, 0x0000000465800000, 0x0000000465800000|100%|HC|  |TAMS 0x0000000465800000| PB 0x0000000465000000| Complete 
| 203|0x0000000465800000, 0x0000000466000000, 0x0000000466000000|100%|HS|  |TAMS 0x0000000466000000| PB 0x0000000465800000| Complete 
| 204|0x0000000466000000, 0x0000000466800000, 0x0000000466800000|100%|HC|  |TAMS 0x0000000466800000| PB 0x0000000466000000| Complete 
| 205|0x0000000466800000, 0x0000000467000000, 0x0000000467000000|100%|HC|  |TAMS 0x0000000467000000| PB 0x0000000466800000| Complete 
| 206|0x0000000467000000, 0x0000000467800000, 0x0000000467800000|100%|HS|  |TAMS 0x0000000467800000| PB 0x0000000467000000| Complete 
| 207|0x0000000467800000, 0x0000000468000000, 0x0000000468000000|100%|HC|  |TAMS 0x0000000468000000| PB 0x0000000467800000| Complete 
| 208|0x0000000468000000, 0x0000000468800000, 0x0000000468800000|100%|HC|  |TAMS 0x0000000468800000| PB 0x0000000468000000| Complete 
| 209|0x0000000468800000, 0x0000000469000000, 0x0000000469000000|100%|HS|  |TAMS 0x0000000469000000| PB 0x0000000468800000| Complete 
| 210|0x0000000469000000, 0x0000000469800000, 0x0000000469800000|100%|HC|  |TAMS 0x0000000469800000| PB 0x0000000469000000| Complete 
| 211|0x0000000469800000, 0x000000046a000000, 0x000000046a000000|100%|HS|  |TAMS 0x000000046a000000| PB 0x0000000469800000| Complete 
| 212|0x000000046a000000, 0x000000046a800000, 0x000000046a800000|100%|HC|  |TAMS 0x000000046a800000| PB 0x000000046a000000| Complete 
| 213|0x000000046a800000, 0x000000046b000000, 0x000000046b000000|100%|HC|  |TAMS 0x000000046b000000| PB 0x000000046a800000| Complete 
| 214|0x000000046b000000, 0x000000046b800000, 0x000000046b800000|100%|HS|  |TAMS 0x000000046b800000| PB 0x000000046b000000| Complete 
| 215|0x000000046b800000, 0x000000046c000000, 0x000000046c000000|100%|HC|  |TAMS 0x000000046c000000| PB 0x000000046b800000| Complete 
| 216|0x000000046c000000, 0x000000046c000000, 0x000000046c800000|  0%| F|  |TAMS 0x000000046c000000| PB 0x000000046c000000| Untracked 
| 217|0x000000046c800000, 0x000000046c800000, 0x000000046d000000|  0%| F|  |TAMS 0x000000046c800000| PB 0x000000046c800000| Untracked 
| 218|0x000000046d000000, 0x000000046d800000, 0x000000046d800000|100%|HS|  |TAMS 0x000000046d800000| PB 0x000000046d000000| Complete 
| 219|0x000000046d800000, 0x000000046e000000, 0x000000046e000000|100%|HC|  |TAMS 0x000000046e000000| PB 0x000000046d800000| Complete 
| 220|0x000000046e000000, 0x000000046e800000, 0x000000046e800000|100%|HS|  |TAMS 0x000000046e800000| PB 0x000000046e000000| Complete 
| 221|0x000000046e800000, 0x000000046f000000, 0x000000046f000000|100%|HC|  |TAMS 0x000000046f000000| PB 0x000000046e800000| Complete 
| 222|0x000000046f000000, 0x000000046f800000, 0x000000046f800000|100%|HS|  |TAMS 0x000000046f800000| PB 0x000000046f000000| Complete 
| 223|0x000000046f800000, 0x0000000470000000, 0x0000000470000000|100%|HC|  |TAMS 0x0000000470000000| PB 0x000000046f800000| Complete 
| 224|0x0000000470000000, 0x0000000470800000, 0x0000000470800000|100%|HS|  |TAMS 0x0000000470800000| PB 0x0000000470000000| Complete 
| 225|0x0000000470800000, 0x0000000471000000, 0x0000000471000000|100%|HC|  |TAMS 0x0000000471000000| PB 0x0000000470800000| Complete 
| 226|0x0000000471000000, 0x0000000471800000, 0x0000000471800000|100%|HC|  |TAMS 0x0000000471800000| PB 0x0000000471000000| Complete 
| 227|0x0000000471800000, 0x0000000471800000, 0x0000000472000000|  0%| F|  |TAMS 0x0000000471800000| PB 0x0000000471800000| Untracked 
| 228|0x0000000472000000, 0x0000000472800000, 0x0000000472800000|100%|HS|  |TAMS 0x0000000472800000| PB 0x0000000472000000| Complete 
| 229|0x0000000472800000, 0x0000000473000000, 0x0000000473000000|100%|HC|  |TAMS 0x0000000473000000| PB 0x0000000472800000| Complete 
| 230|0x0000000473000000, 0x0000000473800000, 0x0000000473800000|100%|HS|  |TAMS 0x0000000473800000| PB 0x0000000473000000| Complete 
| 231|0x0000000473800000, 0x0000000474000000, 0x0000000474000000|100%|HC|  |TAMS 0x0000000474000000| PB 0x0000000473800000| Complete 
| 232|0x0000000474000000, 0x0000000474000000, 0x0000000474800000|  0%| F|  |TAMS 0x0000000474000000| PB 0x0000000474000000| Untracked 
| 233|0x0000000474800000, 0x0000000475000000, 0x0000000475000000|100%|HS|  |TAMS 0x0000000475000000| PB 0x0000000474800000| Complete 
| 234|0x0000000475000000, 0x0000000475800000, 0x0000000475800000|100%|HC|  |TAMS 0x0000000475800000| PB 0x0000000475000000| Complete 
| 235|0x0000000475800000, 0x0000000476000000, 0x0000000476000000|100%|HC|  |TAMS 0x0000000476000000| PB 0x0000000475800000| Complete 
| 236|0x0000000476000000, 0x0000000476800000, 0x0000000476800000|100%|HS|  |TAMS 0x0000000476800000| PB 0x0000000476000000| Complete 
| 237|0x0000000476800000, 0x0000000477000000, 0x0000000477000000|100%|HC|  |TAMS 0x0000000477000000| PB 0x0000000476800000| Complete 
| 238|0x0000000477000000, 0x0000000477800000, 0x0000000477800000|100%|HS|  |TAMS 0x0000000477800000| PB 0x0000000477000000| Complete 
| 239|0x0000000477800000, 0x0000000478000000, 0x0000000478000000|100%|HC|  |TAMS 0x0000000478000000| PB 0x0000000477800000| Complete 
| 240|0x0000000478000000, 0x0000000478800000, 0x0000000478800000|100%|HS|  |TAMS 0x0000000478800000| PB 0x0000000478000000| Complete 
| 241|0x0000000478800000, 0x0000000479000000, 0x0000000479000000|100%|HC|  |TAMS 0x0000000479000000| PB 0x0000000478800000| Complete 
| 242|0x0000000479000000, 0x0000000479800000, 0x0000000479800000|100%|HS|  |TAMS 0x0000000479800000| PB 0x0000000479000000| Complete 
| 243|0x0000000479800000, 0x000000047a000000, 0x000000047a000000|100%|HC|  |TAMS 0x000000047a000000| PB 0x0000000479800000| Complete 
| 244|0x000000047a000000, 0x000000047a800000, 0x000000047a800000|100%|HC|  |TAMS 0x000000047a800000| PB 0x000000047a000000| Complete 
| 245|0x000000047a800000, 0x000000047b000000, 0x000000047b000000|100%|HS|  |TAMS 0x000000047b000000| PB 0x000000047a800000| Complete 
| 246|0x000000047b000000, 0x000000047b800000, 0x000000047b800000|100%|HC|  |TAMS 0x000000047b800000| PB 0x000000047b000000| Complete 
| 247|0x000000047b800000, 0x000000047b800000, 0x000000047c000000|  0%| F|  |TAMS 0x000000047b800000| PB 0x000000047b800000| Untracked 
| 248|0x000000047c000000, 0x000000047c800000, 0x000000047c800000|100%|HS|  |TAMS 0x000000047c800000| PB 0x000000047c000000| Complete 
| 249|0x000000047c800000, 0x000000047d000000, 0x000000047d000000|100%|HC|  |TAMS 0x000000047d000000| PB 0x000000047c800000| Complete 
| 250|0x000000047d000000, 0x000000047d800000, 0x000000047d800000|100%|HC|  |TAMS 0x000000047d800000| PB 0x000000047d000000| Complete 
| 251|0x000000047d800000, 0x000000047d800000, 0x000000047e000000|  0%| F|  |TAMS 0x000000047d800000| PB 0x000000047d800000| Untracked 
| 252|0x000000047e000000, 0x000000047e800000, 0x000000047e800000|100%|HS|  |TAMS 0x000000047e800000| PB 0x000000047e000000| Complete 
| 253|0x000000047e800000, 0x000000047f000000, 0x000000047f000000|100%|HC|  |TAMS 0x000000047f000000| PB 0x000000047e800000| Complete 
| 254|0x000000047f000000, 0x000000047f800000, 0x000000047f800000|100%|HC|  |TAMS 0x000000047f800000| PB 0x000000047f000000| Complete 
| 255|0x000000047f800000, 0x0000000480000000, 0x0000000480000000|100%|HS|  |TAMS 0x0000000480000000| PB 0x000000047f800000| Complete 
| 256|0x0000000480000000, 0x0000000480800000, 0x0000000480800000|100%|HC|  |TAMS 0x0000000480800000| PB 0x0000000480000000| Complete 
| 257|0x0000000480800000, 0x0000000481000000, 0x0000000481000000|100%|HS|  |TAMS 0x0000000481000000| PB 0x0000000480800000| Complete 
| 258|0x0000000481000000, 0x0000000481800000, 0x0000000481800000|100%|HC|  |TAMS 0x0000000481800000| PB 0x0000000481000000| Complete 
| 259|0x0000000481800000, 0x0000000482000000, 0x0000000482000000|100%|HC|  |TAMS 0x0000000482000000| PB 0x0000000481800000| Complete 
| 260|0x0000000482000000, 0x0000000482000000, 0x0000000482800000|  0%| F|  |TAMS 0x0000000482000000| PB 0x0000000482000000| Untracked 
| 261|0x0000000482800000, 0x0000000483000000, 0x0000000483000000|100%|HS|  |TAMS 0x0000000483000000| PB 0x0000000482800000| Complete 
| 262|0x0000000483000000, 0x0000000483800000, 0x0000000483800000|100%|HC|  |TAMS 0x0000000483800000| PB 0x0000000483000000| Complete 
| 263|0x0000000483800000, 0x0000000484000000, 0x0000000484000000|100%|HS|  |TAMS 0x0000000484000000| PB 0x0000000483800000| Complete 
| 264|0x0000000484000000, 0x0000000484800000, 0x0000000484800000|100%|HC|  |TAMS 0x0000000484800000| PB 0x0000000484000000| Complete 
| 265|0x0000000484800000, 0x0000000485000000, 0x0000000485000000|100%|HC|  |TAMS 0x0000000485000000| PB 0x0000000484800000| Complete 
| 266|0x0000000485000000, 0x0000000485800000, 0x0000000485800000|100%|HS|  |TAMS 0x0000000485800000| PB 0x0000000485000000| Complete 
| 267|0x0000000485800000, 0x0000000486000000, 0x0000000486000000|100%|HC|  |TAMS 0x0000000486000000| PB 0x0000000485800000| Complete 
| 268|0x0000000486000000, 0x0000000486800000, 0x0000000486800000|100%|HS|  |TAMS 0x0000000486800000| PB 0x0000000486000000| Complete 
| 269|0x0000000486800000, 0x0000000487000000, 0x0000000487000000|100%|HC|  |TAMS 0x0000000487000000| PB 0x0000000486800000| Complete 
| 270|0x0000000487000000, 0x0000000487800000, 0x0000000487800000|100%|HC|  |TAMS 0x0000000487800000| PB 0x0000000487000000| Complete 
| 271|0x0000000487800000, 0x0000000488000000, 0x0000000488000000|100%|HS|  |TAMS 0x0000000488000000| PB 0x0000000487800000| Complete 
| 272|0x0000000488000000, 0x0000000488800000, 0x0000000488800000|100%|HC|  |TAMS 0x0000000488800000| PB 0x0000000488000000| Complete 
| 273|0x0000000488800000, 0x0000000489000000, 0x0000000489000000|100%|HS|  |TAMS 0x0000000489000000| PB 0x0000000488800000| Complete 
| 274|0x0000000489000000, 0x0000000489800000, 0x0000000489800000|100%|HC|  |TAMS 0x0000000489800000| PB 0x0000000489000000| Complete 
| 275|0x0000000489800000, 0x000000048a000000, 0x000000048a000000|100%|HS|  |TAMS 0x000000048a000000| PB 0x0000000489800000| Complete 
| 276|0x000000048a000000, 0x000000048a800000, 0x000000048a800000|100%|HC|  |TAMS 0x000000048a800000| PB 0x000000048a000000| Complete 
| 277|0x000000048a800000, 0x000000048b000000, 0x000000048b000000|100%|HS|  |TAMS 0x000000048b000000| PB 0x000000048a800000| Complete 
| 278|0x000000048b000000, 0x000000048b800000, 0x000000048b800000|100%|HC|  |TAMS 0x000000048b800000| PB 0x000000048b000000| Complete 
| 279|0x000000048b800000, 0x000000048c000000, 0x000000048c000000|100%|HS|  |TAMS 0x000000048c000000| PB 0x000000048b800000| Complete 
| 280|0x000000048c000000, 0x000000048c800000, 0x000000048c800000|100%|HC|  |TAMS 0x000000048c800000| PB 0x000000048c000000| Complete 
| 281|0x000000048c800000, 0x000000048c800000, 0x000000048d000000|  0%| F|  |TAMS 0x000000048c800000| PB 0x000000048c800000| Untracked 
| 282|0x000000048d000000, 0x000000048d800000, 0x000000048d800000|100%|HS|  |TAMS 0x000000048d800000| PB 0x000000048d000000| Complete 
| 283|0x000000048d800000, 0x000000048e000000, 0x000000048e000000|100%|HC|  |TAMS 0x000000048e000000| PB 0x000000048d800000| Complete 
| 284|0x000000048e000000, 0x000000048e800000, 0x000000048e800000|100%|HC|  |TAMS 0x000000048e800000| PB 0x000000048e000000| Complete 
| 285|0x000000048e800000, 0x000000048f000000, 0x000000048f000000|100%|HS|  |TAMS 0x000000048f000000| PB 0x000000048e800000| Complete 
| 286|0x000000048f000000, 0x000000048f800000, 0x000000048f800000|100%|HC|  |TAMS 0x000000048f800000| PB 0x000000048f000000| Complete 
| 287|0x000000048f800000, 0x0000000490000000, 0x0000000490000000|100%|HC|  |TAMS 0x0000000490000000| PB 0x000000048f800000| Complete 
| 288|0x0000000490000000, 0x0000000490800000, 0x0000000490800000|100%|HS|  |TAMS 0x0000000490800000| PB 0x0000000490000000| Complete 
| 289|0x0000000490800000, 0x0000000491000000, 0x0000000491000000|100%|HC|  |TAMS 0x0000000491000000| PB 0x0000000490800000| Complete 
| 290|0x0000000491000000, 0x0000000491000000, 0x0000000491800000|  0%| F|  |TAMS 0x0000000491000000| PB 0x0000000491000000| Untracked 
| 291|0x0000000491800000, 0x0000000492000000, 0x0000000492000000|100%|HS|  |TAMS 0x0000000492000000| PB 0x0000000491800000| Complete 
| 292|0x0000000492000000, 0x0000000492800000, 0x0000000492800000|100%|HC|  |TAMS 0x0000000492800000| PB 0x0000000492000000| Complete 
| 293|0x0000000492800000, 0x0000000493000000, 0x0000000493000000|100%|HS|  |TAMS 0x0000000493000000| PB 0x0000000492800000| Complete 
| 294|0x0000000493000000, 0x0000000493800000, 0x0000000493800000|100%|HC|  |TAMS 0x0000000493800000| PB 0x0000000493000000| Complete 
| 295|0x0000000493800000, 0x0000000494000000, 0x0000000494000000|100%|HS|  |TAMS 0x0000000494000000| PB 0x0000000493800000| Complete 
| 296|0x0000000494000000, 0x0000000494800000, 0x0000000494800000|100%|HC|  |TAMS 0x0000000494800000| PB 0x0000000494000000| Complete 
| 297|0x0000000494800000, 0x0000000495000000, 0x0000000495000000|100%|HC|  |TAMS 0x0000000495000000| PB 0x0000000494800000| Complete 
| 298|0x0000000495000000, 0x0000000495000000, 0x0000000495800000|  0%| F|  |TAMS 0x0000000495000000| PB 0x0000000495000000| Untracked 
| 299|0x0000000495800000, 0x0000000496000000, 0x0000000496000000|100%|HS|  |TAMS 0x0000000496000000| PB 0x0000000495800000| Complete 
| 300|0x0000000496000000, 0x0000000496800000, 0x0000000496800000|100%|HC|  |TAMS 0x0000000496800000| PB 0x0000000496000000| Complete 
| 301|0x0000000496800000, 0x0000000497000000, 0x0000000497000000|100%|HS|  |TAMS 0x0000000497000000| PB 0x0000000496800000| Complete 
| 302|0x0000000497000000, 0x0000000497800000, 0x0000000497800000|100%|HC|  |TAMS 0x0000000497800000| PB 0x0000000497000000| Complete 
| 303|0x0000000497800000, 0x0000000498000000, 0x0000000498000000|100%|HS|  |TAMS 0x0000000498000000| PB 0x0000000497800000| Complete 
| 304|0x0000000498000000, 0x0000000498800000, 0x0000000498800000|100%|HC|  |TAMS 0x0000000498800000| PB 0x0000000498000000| Complete 
| 305|0x0000000498800000, 0x0000000499000000, 0x0000000499000000|100%|HS|  |TAMS 0x0000000499000000| PB 0x0000000498800000| Complete 
| 306|0x0000000499000000, 0x0000000499800000, 0x0000000499800000|100%|HC|  |TAMS 0x0000000499800000| PB 0x0000000499000000| Complete 
| 307|0x0000000499800000, 0x0000000499800000, 0x000000049a000000|  0%| F|  |TAMS 0x0000000499800000| PB 0x0000000499800000| Untracked 
| 308|0x000000049a000000, 0x000000049a000000, 0x000000049a800000|  0%| F|  |TAMS 0x000000049a000000| PB 0x000000049a000000| Untracked 
| 309|0x000000049a800000, 0x000000049b000000, 0x000000049b000000|100%|HS|  |TAMS 0x000000049b000000| PB 0x000000049a800000| Complete 
| 310|0x000000049b000000, 0x000000049b800000, 0x000000049b800000|100%|HC|  |TAMS 0x000000049b800000| PB 0x000000049b000000| Complete 
| 311|0x000000049b800000, 0x000000049b800000, 0x000000049c000000|  0%| F|  |TAMS 0x000000049b800000| PB 0x000000049b800000| Untracked 
| 312|0x000000049c000000, 0x000000049c000000, 0x000000049c800000|  0%| F|  |TAMS 0x000000049c000000| PB 0x000000049c000000| Untracked 
| 313|0x000000049c800000, 0x000000049d000000, 0x000000049d000000|100%|HS|  |TAMS 0x000000049d000000| PB 0x000000049c800000| Complete 
| 314|0x000000049d000000, 0x000000049d800000, 0x000000049d800000|100%|HC|  |TAMS 0x000000049d800000| PB 0x000000049d000000| Complete 
| 315|0x000000049d800000, 0x000000049e000000, 0x000000049e000000|100%|HS|  |TAMS 0x000000049e000000| PB 0x000000049d800000| Complete 
| 316|0x000000049e000000, 0x000000049e800000, 0x000000049e800000|100%|HC|  |TAMS 0x000000049e800000| PB 0x000000049e000000| Complete 
| 317|0x000000049e800000, 0x000000049f000000, 0x000000049f000000|100%|HC|  |TAMS 0x000000049f000000| PB 0x000000049e800000| Complete 
| 318|0x000000049f000000, 0x000000049f800000, 0x000000049f800000|100%|HS|  |TAMS 0x000000049f800000| PB 0x000000049f000000| Complete 
| 319|0x000000049f800000, 0x00000004a0000000, 0x00000004a0000000|100%|HC|  |TAMS 0x00000004a0000000| PB 0x000000049f800000| Complete 
| 320|0x00000004a0000000, 0x00000004a0800000, 0x00000004a0800000|100%|HS|  |TAMS 0x00000004a0800000| PB 0x00000004a0000000| Complete 
| 321|0x00000004a0800000, 0x00000004a1000000, 0x00000004a1000000|100%|HC|  |TAMS 0x00000004a1000000| PB 0x00000004a0800000| Complete 
| 322|0x00000004a1000000, 0x00000004a1800000, 0x00000004a1800000|100%|HS|  |TAMS 0x00000004a1800000| PB 0x00000004a1000000| Complete 
| 323|0x00000004a1800000, 0x00000004a2000000, 0x00000004a2000000|100%|HC|  |TAMS 0x00000004a2000000| PB 0x00000004a1800000| Complete 
| 324|0x00000004a2000000, 0x00000004a2800000, 0x00000004a2800000|100%|HS|  |TAMS 0x00000004a2800000| PB 0x00000004a2000000| Complete 
| 325|0x00000004a2800000, 0x00000004a3000000, 0x00000004a3000000|100%|HC|  |TAMS 0x00000004a3000000| PB 0x00000004a2800000| Complete 
| 326|0x00000004a3000000, 0x00000004a3800000, 0x00000004a3800000|100%|HC|  |TAMS 0x00000004a3800000| PB 0x00000004a3000000| Complete 
| 327|0x00000004a3800000, 0x00000004a3800000, 0x00000004a4000000|  0%| F|  |TAMS 0x00000004a3800000| PB 0x00000004a3800000| Untracked 
| 328|0x00000004a4000000, 0x00000004a4000000, 0x00000004a4800000|  0%| F|  |TAMS 0x00000004a4000000| PB 0x00000004a4000000| Untracked 
| 329|0x00000004a4800000, 0x00000004a4800000, 0x00000004a5000000|  0%| F|  |TAMS 0x00000004a4800000| PB 0x00000004a4800000| Untracked 
| 330|0x00000004a5000000, 0x00000004a5800000, 0x00000004a5800000|100%|HS|  |TAMS 0x00000004a5800000| PB 0x00000004a5000000| Complete 
| 331|0x00000004a5800000, 0x00000004a6000000, 0x00000004a6000000|100%|HC|  |TAMS 0x00000004a6000000| PB 0x00000004a5800000| Complete 
| 332|0x00000004a6000000, 0x00000004a6800000, 0x00000004a6800000|100%|HC|  |TAMS 0x00000004a6800000| PB 0x00000004a6000000| Complete 
| 333|0x00000004a6800000, 0x00000004a7000000, 0x00000004a7000000|100%|HS|  |TAMS 0x00000004a7000000| PB 0x00000004a6800000| Complete 
| 334|0x00000004a7000000, 0x00000004a7800000, 0x00000004a7800000|100%|HC|  |TAMS 0x00000004a7800000| PB 0x00000004a7000000| Complete 
| 335|0x00000004a7800000, 0x00000004a8000000, 0x00000004a8000000|100%|HC|  |TAMS 0x00000004a8000000| PB 0x00000004a7800000| Complete 
| 336|0x00000004a8000000, 0x00000004a8000000, 0x00000004a8800000|  0%| F|  |TAMS 0x00000004a8000000| PB 0x00000004a8000000| Untracked 
| 337|0x00000004a8800000, 0x00000004a8800000, 0x00000004a9000000|  0%| F|  |TAMS 0x00000004a8800000| PB 0x00000004a8800000| Untracked 
| 338|0x00000004a9000000, 0x00000004a9000000, 0x00000004a9800000|  0%| F|  |TAMS 0x00000004a9000000| PB 0x00000004a9000000| Untracked 
| 339|0x00000004a9800000, 0x00000004a9800000, 0x00000004aa000000|  0%| F|  |TAMS 0x00000004a9800000| PB 0x00000004a9800000| Untracked 
| 340|0x00000004aa000000, 0x00000004aa000000, 0x00000004aa800000|  0%| F|  |TAMS 0x00000004aa000000| PB 0x00000004aa000000| Untracked 
| 341|0x00000004aa800000, 0x00000004aa800000, 0x00000004ab000000|  0%| F|  |TAMS 0x00000004aa800000| PB 0x00000004aa800000| Untracked 
| 342|0x00000004ab000000, 0x00000004ab000000, 0x00000004ab800000|  0%| F|  |TAMS 0x00000004ab000000| PB 0x00000004ab000000| Untracked 
| 343|0x00000004ab800000, 0x00000004ab800000, 0x00000004ac000000|  0%| F|  |TAMS 0x00000004ab800000| PB 0x00000004ab800000| Untracked 
| 344|0x00000004ac000000, 0x00000004ac000000, 0x00000004ac800000|  0%| F|  |TAMS 0x00000004ac000000| PB 0x00000004ac000000| Untracked 
| 345|0x00000004ac800000, 0x00000004ac800000, 0x00000004ad000000|  0%| F|  |TAMS 0x00000004ac800000| PB 0x00000004ac800000| Untracked 
| 346|0x00000004ad000000, 0x00000004ad000000, 0x00000004ad800000|  0%| F|  |TAMS 0x00000004ad000000| PB 0x00000004ad000000| Untracked 
| 347|0x00000004ad800000, 0x00000004ad800000, 0x00000004ae000000|  0%| F|  |TAMS 0x00000004ad800000| PB 0x00000004ad800000| Untracked 
| 348|0x00000004ae000000, 0x00000004ae000000, 0x00000004ae800000|  0%| F|  |TAMS 0x00000004ae000000| PB 0x00000004ae000000| Untracked 
| 349|0x00000004ae800000, 0x00000004ae800000, 0x00000004af000000|  0%| F|  |TAMS 0x00000004ae800000| PB 0x00000004ae800000| Untracked 
| 350|0x00000004af000000, 0x00000004af000000, 0x00000004af800000|  0%| F|  |TAMS 0x00000004af000000| PB 0x00000004af000000| Untracked 
| 351|0x00000004af800000, 0x00000004af800000, 0x00000004b0000000|  0%| F|  |TAMS 0x00000004af800000| PB 0x00000004af800000| Untracked 
| 352|0x00000004b0000000, 0x00000004b0000000, 0x00000004b0800000|  0%| F|  |TAMS 0x00000004b0000000| PB 0x00000004b0000000| Untracked 
| 353|0x00000004b0800000, 0x00000004b0800000, 0x00000004b1000000|  0%| F|  |TAMS 0x00000004b0800000| PB 0x00000004b0800000| Untracked 
| 354|0x00000004b1000000, 0x00000004b1000000, 0x00000004b1800000|  0%| F|  |TAMS 0x00000004b1000000| PB 0x00000004b1000000| Untracked 
| 355|0x00000004b1800000, 0x00000004b1800000, 0x00000004b2000000|  0%| F|  |TAMS 0x00000004b1800000| PB 0x00000004b1800000| Untracked 
| 356|0x00000004b2000000, 0x00000004b2000000, 0x00000004b2800000|  0%| F|  |TAMS 0x00000004b2000000| PB 0x00000004b2000000| Untracked 
| 357|0x00000004b2800000, 0x00000004b2800000, 0x00000004b3000000|  0%| F|  |TAMS 0x00000004b2800000| PB 0x00000004b2800000| Untracked 
| 358|0x00000004b3000000, 0x00000004b3000000, 0x00000004b3800000|  0%| F|  |TAMS 0x00000004b3000000| PB 0x00000004b3000000| Untracked 
| 359|0x00000004b3800000, 0x00000004b3800000, 0x00000004b4000000|  0%| F|  |TAMS 0x00000004b3800000| PB 0x00000004b3800000| Untracked 
| 360|0x00000004b4000000, 0x00000004b4000000, 0x00000004b4800000|  0%| F|  |TAMS 0x00000004b4000000| PB 0x00000004b4000000| Untracked 
| 361|0x00000004b4800000, 0x00000004b4800000, 0x00000004b5000000|  0%| F|  |TAMS 0x00000004b4800000| PB 0x00000004b4800000| Untracked 
| 362|0x00000004b5000000, 0x00000004b5000000, 0x00000004b5800000|  0%| F|  |TAMS 0x00000004b5000000| PB 0x00000004b5000000| Untracked 
| 363|0x00000004b5800000, 0x00000004b5800000, 0x00000004b6000000|  0%| F|  |TAMS 0x00000004b5800000| PB 0x00000004b5800000| Untracked 
| 364|0x00000004b6000000, 0x00000004b6000000, 0x00000004b6800000|  0%| F|  |TAMS 0x00000004b6000000| PB 0x00000004b6000000| Untracked 
| 365|0x00000004b6800000, 0x00000004b6800000, 0x00000004b7000000|  0%| F|  |TAMS 0x00000004b6800000| PB 0x00000004b6800000| Untracked 
| 366|0x00000004b7000000, 0x00000004b7000000, 0x00000004b7800000|  0%| F|  |TAMS 0x00000004b7000000| PB 0x00000004b7000000| Untracked 
| 367|0x00000004b7800000, 0x00000004b7800000, 0x00000004b8000000|  0%| F|  |TAMS 0x00000004b7800000| PB 0x00000004b7800000| Untracked 
| 368|0x00000004b8000000, 0x00000004b8000000, 0x00000004b8800000|  0%| F|  |TAMS 0x00000004b8000000| PB 0x00000004b8000000| Untracked 
| 369|0x00000004b8800000, 0x00000004b8800000, 0x00000004b9000000|  0%| F|  |TAMS 0x00000004b8800000| PB 0x00000004b8800000| Untracked 
| 370|0x00000004b9000000, 0x00000004b9000000, 0x00000004b9800000|  0%| F|  |TAMS 0x00000004b9000000| PB 0x00000004b9000000| Untracked 
| 371|0x00000004b9800000, 0x00000004b9800000, 0x00000004ba000000|  0%| F|  |TAMS 0x00000004b9800000| PB 0x00000004b9800000| Untracked 
| 372|0x00000004ba000000, 0x00000004ba000000, 0x00000004ba800000|  0%| F|  |TAMS 0x00000004ba000000| PB 0x00000004ba000000| Untracked 
| 373|0x00000004ba800000, 0x00000004ba800000, 0x00000004bb000000|  0%| F|  |TAMS 0x00000004ba800000| PB 0x00000004ba800000| Untracked 
| 374|0x00000004bb000000, 0x00000004bb000000, 0x00000004bb800000|  0%| F|  |TAMS 0x00000004bb000000| PB 0x00000004bb000000| Untracked 
| 375|0x00000004bb800000, 0x00000004bb800000, 0x00000004bc000000|  0%| F|  |TAMS 0x00000004bb800000| PB 0x00000004bb800000| Untracked 
| 376|0x00000004bc000000, 0x00000004bc000000, 0x00000004bc800000|  0%| F|  |TAMS 0x00000004bc000000| PB 0x00000004bc000000| Untracked 
| 377|0x00000004bc800000, 0x00000004bc800000, 0x00000004bd000000|  0%| F|  |TAMS 0x00000004bc800000| PB 0x00000004bc800000| Untracked 
| 378|0x00000004bd000000, 0x00000004bd000000, 0x00000004bd800000|  0%| F|  |TAMS 0x00000004bd000000| PB 0x00000004bd000000| Untracked 
| 379|0x00000004bd800000, 0x00000004bd800000, 0x00000004be000000|  0%| F|  |TAMS 0x00000004bd800000| PB 0x00000004bd800000| Untracked 
| 380|0x00000004be000000, 0x00000004be000000, 0x00000004be800000|  0%| F|  |TAMS 0x00000004be000000| PB 0x00000004be000000| Untracked 
| 381|0x00000004be800000, 0x00000004be800000, 0x00000004bf000000|  0%| F|  |TAMS 0x00000004be800000| PB 0x00000004be800000| Untracked 
| 382|0x00000004bf000000, 0x00000004bf000000, 0x00000004bf800000|  0%| F|  |TAMS 0x00000004bf000000| PB 0x00000004bf000000| Untracked 
| 383|0x00000004bf800000, 0x00000004bf800000, 0x00000004c0000000|  0%| F|  |TAMS 0x00000004bf800000| PB 0x00000004bf800000| Untracked 
| 384|0x00000004c0000000, 0x00000004c0000000, 0x00000004c0800000|  0%| F|  |TAMS 0x00000004c0000000| PB 0x00000004c0000000| Untracked 
| 385|0x00000004c0800000, 0x00000004c0800000, 0x00000004c1000000|  0%| F|  |TAMS 0x00000004c0800000| PB 0x00000004c0800000| Untracked 
| 386|0x00000004c1000000, 0x00000004c1000000, 0x00000004c1800000|  0%| F|  |TAMS 0x00000004c1000000| PB 0x00000004c1000000| Untracked 
| 387|0x00000004c1800000, 0x00000004c1800000, 0x00000004c2000000|  0%| F|  |TAMS 0x00000004c1800000| PB 0x00000004c1800000| Untracked 
| 388|0x00000004c2000000, 0x00000004c2000000, 0x00000004c2800000|  0%| F|  |TAMS 0x00000004c2000000| PB 0x00000004c2000000| Untracked 
| 389|0x00000004c2800000, 0x00000004c2800000, 0x00000004c3000000|  0%| F|  |TAMS 0x00000004c2800000| PB 0x00000004c2800000| Untracked 
| 390|0x00000004c3000000, 0x00000004c3000000, 0x00000004c3800000|  0%| F|  |TAMS 0x00000004c3000000| PB 0x00000004c3000000| Untracked 
| 391|0x00000004c3800000, 0x00000004c3800000, 0x00000004c4000000|  0%| F|  |TAMS 0x00000004c3800000| PB 0x00000004c3800000| Untracked 
| 392|0x00000004c4000000, 0x00000004c4000000, 0x00000004c4800000|  0%| F|  |TAMS 0x00000004c4000000| PB 0x00000004c4000000| Untracked 
| 393|0x00000004c4800000, 0x00000004c4800000, 0x00000004c5000000|  0%| F|  |TAMS 0x00000004c4800000| PB 0x00000004c4800000| Untracked 
| 394|0x00000004c5000000, 0x00000004c5000000, 0x00000004c5800000|  0%| F|  |TAMS 0x00000004c5000000| PB 0x00000004c5000000| Untracked 
| 395|0x00000004c5800000, 0x00000004c5800000, 0x00000004c6000000|  0%| F|  |TAMS 0x00000004c5800000| PB 0x00000004c5800000| Untracked 
| 396|0x00000004c6000000, 0x00000004c6000000, 0x00000004c6800000|  0%| F|  |TAMS 0x00000004c6000000| PB 0x00000004c6000000| Untracked 
| 397|0x00000004c6800000, 0x00000004c6800000, 0x00000004c7000000|  0%| F|  |TAMS 0x00000004c6800000| PB 0x00000004c6800000| Untracked 
| 398|0x00000004c7000000, 0x00000004c7000000, 0x00000004c7800000|  0%| F|  |TAMS 0x00000004c7000000| PB 0x00000004c7000000| Untracked 
| 399|0x00000004c7800000, 0x00000004c7800000, 0x00000004c8000000|  0%| F|  |TAMS 0x00000004c7800000| PB 0x00000004c7800000| Untracked 
| 400|0x00000004c8000000, 0x00000004c8000000, 0x00000004c8800000|  0%| F|  |TAMS 0x00000004c8000000| PB 0x00000004c8000000| Untracked 
| 401|0x00000004c8800000, 0x00000004c8800000, 0x00000004c9000000|  0%| F|  |TAMS 0x00000004c8800000| PB 0x00000004c8800000| Untracked 
| 402|0x00000004c9000000, 0x00000004c9000000, 0x00000004c9800000|  0%| F|  |TAMS 0x00000004c9000000| PB 0x00000004c9000000| Untracked 
| 403|0x00000004c9800000, 0x00000004c9800000, 0x00000004ca000000|  0%| F|  |TAMS 0x00000004c9800000| PB 0x00000004c9800000| Untracked 
| 404|0x00000004ca000000, 0x00000004ca000000, 0x00000004ca800000|  0%| F|  |TAMS 0x00000004ca000000| PB 0x00000004ca000000| Untracked 
| 405|0x00000004ca800000, 0x00000004ca800000, 0x00000004cb000000|  0%| F|  |TAMS 0x00000004ca800000| PB 0x00000004ca800000| Untracked 
| 406|0x00000004cb000000, 0x00000004cb000000, 0x00000004cb800000|  0%| F|  |TAMS 0x00000004cb000000| PB 0x00000004cb000000| Untracked 
| 407|0x00000004cb800000, 0x00000004cb800000, 0x00000004cc000000|  0%| F|  |TAMS 0x00000004cb800000| PB 0x00000004cb800000| Untracked 
| 408|0x00000004cc000000, 0x00000004cc000000, 0x00000004cc800000|  0%| F|  |TAMS 0x00000004cc000000| PB 0x00000004cc000000| Untracked 
| 409|0x00000004cc800000, 0x00000004cc800000, 0x00000004cd000000|  0%| F|  |TAMS 0x00000004cc800000| PB 0x00000004cc800000| Untracked 
| 410|0x00000004cd000000, 0x00000004cd000000, 0x00000004cd800000|  0%| F|  |TAMS 0x00000004cd000000| PB 0x00000004cd000000| Untracked 
| 411|0x00000004cd800000, 0x00000004cd800000, 0x00000004ce000000|  0%| F|  |TAMS 0x00000004cd800000| PB 0x00000004cd800000| Untracked 
| 412|0x00000004ce000000, 0x00000004ce000000, 0x00000004ce800000|  0%| F|  |TAMS 0x00000004ce000000| PB 0x00000004ce000000| Untracked 
| 413|0x00000004ce800000, 0x00000004ce800000, 0x00000004cf000000|  0%| F|  |TAMS 0x00000004ce800000| PB 0x00000004ce800000| Untracked 
| 414|0x00000004cf000000, 0x00000004cf000000, 0x00000004cf800000|  0%| F|  |TAMS 0x00000004cf000000| PB 0x00000004cf000000| Untracked 
| 415|0x00000004cf800000, 0x00000004cf800000, 0x00000004d0000000|  0%| F|  |TAMS 0x00000004cf800000| PB 0x00000004cf800000| Untracked 
| 416|0x00000004d0000000, 0x00000004d0000000, 0x00000004d0800000|  0%| F|  |TAMS 0x00000004d0000000| PB 0x00000004d0000000| Untracked 
| 417|0x00000004d0800000, 0x00000004d0800000, 0x00000004d1000000|  0%| F|  |TAMS 0x00000004d0800000| PB 0x00000004d0800000| Untracked 
| 418|0x00000004d1000000, 0x00000004d1000000, 0x00000004d1800000|  0%| F|  |TAMS 0x00000004d1000000| PB 0x00000004d1000000| Untracked 
| 419|0x00000004d1800000, 0x00000004d1800000, 0x00000004d2000000|  0%| F|  |TAMS 0x00000004d1800000| PB 0x00000004d1800000| Untracked 
| 420|0x00000004d2000000, 0x00000004d2000000, 0x00000004d2800000|  0%| F|  |TAMS 0x00000004d2000000| PB 0x00000004d2000000| Untracked 
| 421|0x00000004d2800000, 0x00000004d2800000, 0x00000004d3000000|  0%| F|  |TAMS 0x00000004d2800000| PB 0x00000004d2800000| Untracked 
| 422|0x00000004d3000000, 0x00000004d3000000, 0x00000004d3800000|  0%| F|  |TAMS 0x00000004d3000000| PB 0x00000004d3000000| Untracked 
| 423|0x00000004d3800000, 0x00000004d3800000, 0x00000004d4000000|  0%| F|  |TAMS 0x00000004d3800000| PB 0x00000004d3800000| Untracked 
| 424|0x00000004d4000000, 0x00000004d4000000, 0x00000004d4800000|  0%| F|  |TAMS 0x00000004d4000000| PB 0x00000004d4000000| Untracked 
| 425|0x00000004d4800000, 0x00000004d4800000, 0x00000004d5000000|  0%| F|  |TAMS 0x00000004d4800000| PB 0x00000004d4800000| Untracked 
| 426|0x00000004d5000000, 0x00000004d5000000, 0x00000004d5800000|  0%| F|  |TAMS 0x00000004d5000000| PB 0x00000004d5000000| Untracked 
| 427|0x00000004d5800000, 0x00000004d5800000, 0x00000004d6000000|  0%| F|  |TAMS 0x00000004d5800000| PB 0x00000004d5800000| Untracked 
| 428|0x00000004d6000000, 0x00000004d6000000, 0x00000004d6800000|  0%| F|  |TAMS 0x00000004d6000000| PB 0x00000004d6000000| Untracked 
| 429|0x00000004d6800000, 0x00000004d6800000, 0x00000004d7000000|  0%| F|  |TAMS 0x00000004d6800000| PB 0x00000004d6800000| Untracked 
| 430|0x00000004d7000000, 0x00000004d7000000, 0x00000004d7800000|  0%| F|  |TAMS 0x00000004d7000000| PB 0x00000004d7000000| Untracked 
| 431|0x00000004d7800000, 0x00000004d7800000, 0x00000004d8000000|  0%| F|  |TAMS 0x00000004d7800000| PB 0x00000004d7800000| Untracked 
| 432|0x00000004d8000000, 0x00000004d8000000, 0x00000004d8800000|  0%| F|  |TAMS 0x00000004d8000000| PB 0x00000004d8000000| Untracked 
| 433|0x00000004d8800000, 0x00000004d8800000, 0x00000004d9000000|  0%| F|  |TAMS 0x00000004d8800000| PB 0x00000004d8800000| Untracked 
| 434|0x00000004d9000000, 0x00000004d9000000, 0x00000004d9800000|  0%| F|  |TAMS 0x00000004d9000000| PB 0x00000004d9000000| Untracked 
| 435|0x00000004d9800000, 0x00000004d9800000, 0x00000004da000000|  0%| F|  |TAMS 0x00000004d9800000| PB 0x00000004d9800000| Untracked 
| 436|0x00000004da000000, 0x00000004da000000, 0x00000004da800000|  0%| F|  |TAMS 0x00000004da000000| PB 0x00000004da000000| Untracked 
| 437|0x00000004da800000, 0x00000004da800000, 0x00000004db000000|  0%| F|  |TAMS 0x00000004da800000| PB 0x00000004da800000| Untracked 
| 438|0x00000004db000000, 0x00000004db000000, 0x00000004db800000|  0%| F|  |TAMS 0x00000004db000000| PB 0x00000004db000000| Untracked 
| 439|0x00000004db800000, 0x00000004db800000, 0x00000004dc000000|  0%| F|  |TAMS 0x00000004db800000| PB 0x00000004db800000| Untracked 
| 440|0x00000004dc000000, 0x00000004dc000000, 0x00000004dc800000|  0%| F|  |TAMS 0x00000004dc000000| PB 0x00000004dc000000| Untracked 
| 441|0x00000004dc800000, 0x00000004dc800000, 0x00000004dd000000|  0%| F|  |TAMS 0x00000004dc800000| PB 0x00000004dc800000| Untracked 
| 442|0x00000004dd000000, 0x00000004dd000000, 0x00000004dd800000|  0%| F|  |TAMS 0x00000004dd000000| PB 0x00000004dd000000| Untracked 
| 443|0x00000004dd800000, 0x00000004dd800000, 0x00000004de000000|  0%| F|  |TAMS 0x00000004dd800000| PB 0x00000004dd800000| Untracked 
| 444|0x00000004de000000, 0x00000004de000000, 0x00000004de800000|  0%| F|  |TAMS 0x00000004de000000| PB 0x00000004de000000| Untracked 
| 445|0x00000004de800000, 0x00000004de800000, 0x00000004df000000|  0%| F|  |TAMS 0x00000004de800000| PB 0x00000004de800000| Untracked 
| 446|0x00000004df000000, 0x00000004df000000, 0x00000004df800000|  0%| F|  |TAMS 0x00000004df000000| PB 0x00000004df000000| Untracked 
| 447|0x00000004df800000, 0x00000004df800000, 0x00000004e0000000|  0%| F|  |TAMS 0x00000004df800000| PB 0x00000004df800000| Untracked 
| 448|0x00000004e0000000, 0x00000004e0000000, 0x00000004e0800000|  0%| F|  |TAMS 0x00000004e0000000| PB 0x00000004e0000000| Untracked 
| 449|0x00000004e0800000, 0x00000004e0800000, 0x00000004e1000000|  0%| F|  |TAMS 0x00000004e0800000| PB 0x00000004e0800000| Untracked 
| 450|0x00000004e1000000, 0x00000004e1000000, 0x00000004e1800000|  0%| F|  |TAMS 0x00000004e1000000| PB 0x00000004e1000000| Untracked 
| 451|0x00000004e1800000, 0x00000004e1800000, 0x00000004e2000000|  0%| F|  |TAMS 0x00000004e1800000| PB 0x00000004e1800000| Untracked 
| 452|0x00000004e2000000, 0x00000004e2000000, 0x00000004e2800000|  0%| F|  |TAMS 0x00000004e2000000| PB 0x00000004e2000000| Untracked 
| 453|0x00000004e2800000, 0x00000004e2800000, 0x00000004e3000000|  0%| F|  |TAMS 0x00000004e2800000| PB 0x00000004e2800000| Untracked 
| 454|0x00000004e3000000, 0x00000004e3000000, 0x00000004e3800000|  0%| F|  |TAMS 0x00000004e3000000| PB 0x00000004e3000000| Untracked 
| 455|0x00000004e3800000, 0x00000004e3800000, 0x00000004e4000000|  0%| F|  |TAMS 0x00000004e3800000| PB 0x00000004e3800000| Untracked 
| 456|0x00000004e4000000, 0x00000004e4000000, 0x00000004e4800000|  0%| F|  |TAMS 0x00000004e4000000| PB 0x00000004e4000000| Untracked 
| 457|0x00000004e4800000, 0x00000004e4800000, 0x00000004e5000000|  0%| F|  |TAMS 0x00000004e4800000| PB 0x00000004e4800000| Untracked 
| 458|0x00000004e5000000, 0x00000004e5000000, 0x00000004e5800000|  0%| F|  |TAMS 0x00000004e5000000| PB 0x00000004e5000000| Untracked 
| 459|0x00000004e5800000, 0x00000004e5800000, 0x00000004e6000000|  0%| F|  |TAMS 0x00000004e5800000| PB 0x00000004e5800000| Untracked 
| 460|0x00000004e6000000, 0x00000004e6000000, 0x00000004e6800000|  0%| F|  |TAMS 0x00000004e6000000| PB 0x00000004e6000000| Untracked 
| 461|0x00000004e6800000, 0x00000004e6800000, 0x00000004e7000000|  0%| F|  |TAMS 0x00000004e6800000| PB 0x00000004e6800000| Untracked 
| 462|0x00000004e7000000, 0x00000004e7000000, 0x00000004e7800000|  0%| F|  |TAMS 0x00000004e7000000| PB 0x00000004e7000000| Untracked 
| 463|0x00000004e7800000, 0x00000004e7800000, 0x00000004e8000000|  0%| F|  |TAMS 0x00000004e7800000| PB 0x00000004e7800000| Untracked 
| 464|0x00000004e8000000, 0x00000004e8000000, 0x00000004e8800000|  0%| F|  |TAMS 0x00000004e8000000| PB 0x00000004e8000000| Untracked 
| 465|0x00000004e8800000, 0x00000004e8800000, 0x00000004e9000000|  0%| F|  |TAMS 0x00000004e8800000| PB 0x00000004e8800000| Untracked 
| 466|0x00000004e9000000, 0x00000004e9000000, 0x00000004e9800000|  0%| F|  |TAMS 0x00000004e9000000| PB 0x00000004e9000000| Untracked 
| 467|0x00000004e9800000, 0x00000004e9800000, 0x00000004ea000000|  0%| F|  |TAMS 0x00000004e9800000| PB 0x00000004e9800000| Untracked 
| 468|0x00000004ea000000, 0x00000004ea000000, 0x00000004ea800000|  0%| F|  |TAMS 0x00000004ea000000| PB 0x00000004ea000000| Untracked 
| 469|0x00000004ea800000, 0x00000004ea800000, 0x00000004eb000000|  0%| F|  |TAMS 0x00000004ea800000| PB 0x00000004ea800000| Untracked 
| 470|0x00000004eb000000, 0x00000004eb000000, 0x00000004eb800000|  0%| F|  |TAMS 0x00000004eb000000| PB 0x00000004eb000000| Untracked 
| 471|0x00000004eb800000, 0x00000004eb800000, 0x00000004ec000000|  0%| F|  |TAMS 0x00000004eb800000| PB 0x00000004eb800000| Untracked 
| 472|0x00000004ec000000, 0x00000004ec000000, 0x00000004ec800000|  0%| F|  |TAMS 0x00000004ec000000| PB 0x00000004ec000000| Untracked 
| 473|0x00000004ec800000, 0x00000004ec800000, 0x00000004ed000000|  0%| F|  |TAMS 0x00000004ec800000| PB 0x00000004ec800000| Untracked 
| 474|0x00000004ed000000, 0x00000004ed000000, 0x00000004ed800000|  0%| F|  |TAMS 0x00000004ed000000| PB 0x00000004ed000000| Untracked 
| 475|0x00000004ed800000, 0x00000004ed800000, 0x00000004ee000000|  0%| F|  |TAMS 0x00000004ed800000| PB 0x00000004ed800000| Untracked 
| 476|0x00000004ee000000, 0x00000004ee000000, 0x00000004ee800000|  0%| F|  |TAMS 0x00000004ee000000| PB 0x00000004ee000000| Untracked 
| 477|0x00000004ee800000, 0x00000004ee800000, 0x00000004ef000000|  0%| F|  |TAMS 0x00000004ee800000| PB 0x00000004ee800000| Untracked 
| 478|0x00000004ef000000, 0x00000004ef000000, 0x00000004ef800000|  0%| F|  |TAMS 0x00000004ef000000| PB 0x00000004ef000000| Untracked 
| 479|0x00000004ef800000, 0x00000004ef800000, 0x00000004f0000000|  0%| F|  |TAMS 0x00000004ef800000| PB 0x00000004ef800000| Untracked 
| 480|0x00000004f0000000, 0x00000004f0000000, 0x00000004f0800000|  0%| F|  |TAMS 0x00000004f0000000| PB 0x00000004f0000000| Untracked 
| 481|0x00000004f0800000, 0x00000004f0800000, 0x00000004f1000000|  0%| F|  |TAMS 0x00000004f0800000| PB 0x00000004f0800000| Untracked 
| 482|0x00000004f1000000, 0x00000004f1000000, 0x00000004f1800000|  0%| F|  |TAMS 0x00000004f1000000| PB 0x00000004f1000000| Untracked 
| 483|0x00000004f1800000, 0x00000004f1800000, 0x00000004f2000000|  0%| F|  |TAMS 0x00000004f1800000| PB 0x00000004f1800000| Untracked 
| 484|0x00000004f2000000, 0x00000004f2000000, 0x00000004f2800000|  0%| F|  |TAMS 0x00000004f2000000| PB 0x00000004f2000000| Untracked 
| 485|0x00000004f2800000, 0x00000004f2800000, 0x00000004f3000000|  0%| F|  |TAMS 0x00000004f2800000| PB 0x00000004f2800000| Untracked 
| 486|0x00000004f3000000, 0x00000004f3000000, 0x00000004f3800000|  0%| F|  |TAMS 0x00000004f3000000| PB 0x00000004f3000000| Untracked 
| 487|0x00000004f3800000, 0x00000004f3800000, 0x00000004f4000000|  0%| F|  |TAMS 0x00000004f3800000| PB 0x00000004f3800000| Untracked 
| 488|0x00000004f4000000, 0x00000004f4000000, 0x00000004f4800000|  0%| F|  |TAMS 0x00000004f4000000| PB 0x00000004f4000000| Untracked 
| 489|0x00000004f4800000, 0x00000004f4800000, 0x00000004f5000000|  0%| F|  |TAMS 0x00000004f4800000| PB 0x00000004f4800000| Untracked 
| 490|0x00000004f5000000, 0x00000004f5000000, 0x00000004f5800000|  0%| F|  |TAMS 0x00000004f5000000| PB 0x00000004f5000000| Untracked 
| 491|0x00000004f5800000, 0x00000004f5800000, 0x00000004f6000000|  0%| F|  |TAMS 0x00000004f5800000| PB 0x00000004f5800000| Untracked 
| 492|0x00000004f6000000, 0x00000004f6000000, 0x00000004f6800000|  0%| F|  |TAMS 0x00000004f6000000| PB 0x00000004f6000000| Untracked 
| 493|0x00000004f6800000, 0x00000004f6800000, 0x00000004f7000000|  0%| F|  |TAMS 0x00000004f6800000| PB 0x00000004f6800000| Untracked 
| 494|0x00000004f7000000, 0x00000004f7000000, 0x00000004f7800000|  0%| F|  |TAMS 0x00000004f7000000| PB 0x00000004f7000000| Untracked 
| 495|0x00000004f7800000, 0x00000004f7800000, 0x00000004f8000000|  0%| F|  |TAMS 0x00000004f7800000| PB 0x00000004f7800000| Untracked 
| 496|0x00000004f8000000, 0x00000004f8000000, 0x00000004f8800000|  0%| F|  |TAMS 0x00000004f8000000| PB 0x00000004f8000000| Untracked 
| 497|0x00000004f8800000, 0x00000004f8800000, 0x00000004f9000000|  0%| F|  |TAMS 0x00000004f8800000| PB 0x00000004f8800000| Untracked 
| 498|0x00000004f9000000, 0x00000004f9000000, 0x00000004f9800000|  0%| F|  |TAMS 0x00000004f9000000| PB 0x00000004f9000000| Untracked 
| 499|0x00000004f9800000, 0x00000004f9800000, 0x00000004fa000000|  0%| F|  |TAMS 0x00000004f9800000| PB 0x00000004f9800000| Untracked 
| 500|0x00000004fa000000, 0x00000004fa000000, 0x00000004fa800000|  0%| F|  |TAMS 0x00000004fa000000| PB 0x00000004fa000000| Untracked 
| 501|0x00000004fa800000, 0x00000004fa800000, 0x00000004fb000000|  0%| F|  |TAMS 0x00000004fa800000| PB 0x00000004fa800000| Untracked 
| 502|0x00000004fb000000, 0x00000004fb000000, 0x00000004fb800000|  0%| F|  |TAMS 0x00000004fb000000| PB 0x00000004fb000000| Untracked 
| 503|0x00000004fb800000, 0x00000004fb800000, 0x00000004fc000000|  0%| F|  |TAMS 0x00000004fb800000| PB 0x00000004fb800000| Untracked 
| 504|0x00000004fc000000, 0x00000004fc000000, 0x00000004fc800000|  0%| F|  |TAMS 0x00000004fc000000| PB 0x00000004fc000000| Untracked 
| 505|0x00000004fc800000, 0x00000004fc800000, 0x00000004fd000000|  0%| F|  |TAMS 0x00000004fc800000| PB 0x00000004fc800000| Untracked 
| 506|0x00000004fd000000, 0x00000004fd000000, 0x00000004fd800000|  0%| F|  |TAMS 0x00000004fd000000| PB 0x00000004fd000000| Untracked 
| 507|0x00000004fd800000, 0x00000004fd800000, 0x00000004fe000000|  0%| F|  |TAMS 0x00000004fd800000| PB 0x00000004fd800000| Untracked 
| 508|0x00000004fe000000, 0x00000004fe000000, 0x00000004fe800000|  0%| F|  |TAMS 0x00000004fe000000| PB 0x00000004fe000000| Untracked 
| 509|0x00000004fe800000, 0x00000004fe800000, 0x00000004ff000000|  0%| F|  |TAMS 0x00000004fe800000| PB 0x00000004fe800000| Untracked 
| 510|0x00000004ff000000, 0x00000004ff000000, 0x00000004ff800000|  0%| F|  |TAMS 0x00000004ff000000| PB 0x00000004ff000000| Untracked 
| 511|0x00000004ff800000, 0x00000004ff800000, 0x0000000500000000|  0%| F|  |TAMS 0x00000004ff800000| PB 0x00000004ff800000| Untracked 
| 512|0x0000000500000000, 0x0000000500000000, 0x0000000500800000|  0%| F|  |TAMS 0x0000000500000000| PB 0x0000000500000000| Untracked 
| 513|0x0000000500800000, 0x0000000500800000, 0x0000000501000000|  0%| F|  |TAMS 0x0000000500800000| PB 0x0000000500800000| Untracked 
| 514|0x0000000501000000, 0x0000000501000000, 0x0000000501800000|  0%| F|  |TAMS 0x0000000501000000| PB 0x0000000501000000| Untracked 
| 515|0x0000000501800000, 0x0000000501800000, 0x0000000502000000|  0%| F|  |TAMS 0x0000000501800000| PB 0x0000000501800000| Untracked 
| 516|0x0000000502000000, 0x0000000502000000, 0x0000000502800000|  0%| F|  |TAMS 0x0000000502000000| PB 0x0000000502000000| Untracked 
| 517|0x0000000502800000, 0x0000000502800000, 0x0000000503000000|  0%| F|  |TAMS 0x0000000502800000| PB 0x0000000502800000| Untracked 
| 518|0x0000000503000000, 0x0000000503000000, 0x0000000503800000|  0%| F|  |TAMS 0x0000000503000000| PB 0x0000000503000000| Untracked 
| 519|0x0000000503800000, 0x0000000503800000, 0x0000000504000000|  0%| F|  |TAMS 0x0000000503800000| PB 0x0000000503800000| Untracked 
| 520|0x0000000504000000, 0x0000000504000000, 0x0000000504800000|  0%| F|  |TAMS 0x0000000504000000| PB 0x0000000504000000| Untracked 
| 521|0x0000000504800000, 0x0000000504800000, 0x0000000505000000|  0%| F|  |TAMS 0x0000000504800000| PB 0x0000000504800000| Untracked 
| 522|0x0000000505000000, 0x0000000505000000, 0x0000000505800000|  0%| F|  |TAMS 0x0000000505000000| PB 0x0000000505000000| Untracked 
| 523|0x0000000505800000, 0x0000000505800000, 0x0000000506000000|  0%| F|  |TAMS 0x0000000505800000| PB 0x0000000505800000| Untracked 
| 524|0x0000000506000000, 0x0000000506000000, 0x0000000506800000|  0%| F|  |TAMS 0x0000000506000000| PB 0x0000000506000000| Untracked 
| 525|0x0000000506800000, 0x0000000506800000, 0x0000000507000000|  0%| F|  |TAMS 0x0000000506800000| PB 0x0000000506800000| Untracked 
| 526|0x0000000507000000, 0x0000000507000000, 0x0000000507800000|  0%| F|  |TAMS 0x0000000507000000| PB 0x0000000507000000| Untracked 
| 527|0x0000000507800000, 0x0000000507800000, 0x0000000508000000|  0%| F|  |TAMS 0x0000000507800000| PB 0x0000000507800000| Untracked 
| 528|0x0000000508000000, 0x0000000508000000, 0x0000000508800000|  0%| F|  |TAMS 0x0000000508000000| PB 0x0000000508000000| Untracked 
| 529|0x0000000508800000, 0x0000000508800000, 0x0000000509000000|  0%| F|  |TAMS 0x0000000508800000| PB 0x0000000508800000| Untracked 
| 530|0x0000000509000000, 0x0000000509000000, 0x0000000509800000|  0%| F|  |TAMS 0x0000000509000000| PB 0x0000000509000000| Untracked 
| 531|0x0000000509800000, 0x0000000509800000, 0x000000050a000000|  0%| F|  |TAMS 0x0000000509800000| PB 0x0000000509800000| Untracked 
| 532|0x000000050a000000, 0x000000050a000000, 0x000000050a800000|  0%| F|  |TAMS 0x000000050a000000| PB 0x000000050a000000| Untracked 
| 533|0x000000050a800000, 0x000000050a800000, 0x000000050b000000|  0%| F|  |TAMS 0x000000050a800000| PB 0x000000050a800000| Untracked 
| 534|0x000000050b000000, 0x000000050b000000, 0x000000050b800000|  0%| F|  |TAMS 0x000000050b000000| PB 0x000000050b000000| Untracked 
| 535|0x000000050b800000, 0x000000050b800000, 0x000000050c000000|  0%| F|  |TAMS 0x000000050b800000| PB 0x000000050b800000| Untracked 
| 536|0x000000050c000000, 0x000000050c000000, 0x000000050c800000|  0%| F|  |TAMS 0x000000050c000000| PB 0x000000050c000000| Untracked 
| 537|0x000000050c800000, 0x000000050c800000, 0x000000050d000000|  0%| F|  |TAMS 0x000000050c800000| PB 0x000000050c800000| Untracked 
| 538|0x000000050d000000, 0x000000050d000000, 0x000000050d800000|  0%| F|  |TAMS 0x000000050d000000| PB 0x000000050d000000| Untracked 
| 539|0x000000050d800000, 0x000000050d800000, 0x000000050e000000|  0%| F|  |TAMS 0x000000050d800000| PB 0x000000050d800000| Untracked 
| 540|0x000000050e000000, 0x000000050e000000, 0x000000050e800000|  0%| F|  |TAMS 0x000000050e000000| PB 0x000000050e000000| Untracked 
| 541|0x000000050e800000, 0x000000050e800000, 0x000000050f000000|  0%| F|  |TAMS 0x000000050e800000| PB 0x000000050e800000| Untracked 
| 542|0x000000050f000000, 0x000000050f000000, 0x000000050f800000|  0%| F|  |TAMS 0x000000050f000000| PB 0x000000050f000000| Untracked 
| 543|0x000000050f800000, 0x000000050f800000, 0x0000000510000000|  0%| F|  |TAMS 0x000000050f800000| PB 0x000000050f800000| Untracked 
| 544|0x0000000510000000, 0x0000000510000000, 0x0000000510800000|  0%| F|  |TAMS 0x0000000510000000| PB 0x0000000510000000| Untracked 
| 545|0x0000000510800000, 0x0000000510800000, 0x0000000511000000|  0%| F|  |TAMS 0x0000000510800000| PB 0x0000000510800000| Untracked 
| 546|0x0000000511000000, 0x0000000511000000, 0x0000000511800000|  0%| F|  |TAMS 0x0000000511000000| PB 0x0000000511000000| Untracked 
| 547|0x0000000511800000, 0x0000000511800000, 0x0000000512000000|  0%| F|  |TAMS 0x0000000511800000| PB 0x0000000511800000| Untracked 
| 548|0x0000000512000000, 0x0000000512000000, 0x0000000512800000|  0%| F|  |TAMS 0x0000000512000000| PB 0x0000000512000000| Untracked 
| 549|0x0000000512800000, 0x0000000512800000, 0x0000000513000000|  0%| F|  |TAMS 0x0000000512800000| PB 0x0000000512800000| Untracked 
| 550|0x0000000513000000, 0x0000000513000000, 0x0000000513800000|  0%| F|  |TAMS 0x0000000513000000| PB 0x0000000513000000| Untracked 
| 551|0x0000000513800000, 0x0000000513800000, 0x0000000514000000|  0%| F|  |TAMS 0x0000000513800000| PB 0x0000000513800000| Untracked 
| 552|0x0000000514000000, 0x0000000514000000, 0x0000000514800000|  0%| F|  |TAMS 0x0000000514000000| PB 0x0000000514000000| Untracked 
| 553|0x0000000514800000, 0x0000000514800000, 0x0000000515000000|  0%| F|  |TAMS 0x0000000514800000| PB 0x0000000514800000| Untracked 
| 554|0x0000000515000000, 0x0000000515000000, 0x0000000515800000|  0%| F|  |TAMS 0x0000000515000000| PB 0x0000000515000000| Untracked 
| 555|0x0000000515800000, 0x0000000515800000, 0x0000000516000000|  0%| F|  |TAMS 0x0000000515800000| PB 0x0000000515800000| Untracked 
| 556|0x0000000516000000, 0x0000000516000000, 0x0000000516800000|  0%| F|  |TAMS 0x0000000516000000| PB 0x0000000516000000| Untracked 
| 557|0x0000000516800000, 0x0000000516800000, 0x0000000517000000|  0%| F|  |TAMS 0x0000000516800000| PB 0x0000000516800000| Untracked 
| 558|0x0000000517000000, 0x0000000517000000, 0x0000000517800000|  0%| F|  |TAMS 0x0000000517000000| PB 0x0000000517000000| Untracked 
| 559|0x0000000517800000, 0x0000000517800000, 0x0000000518000000|  0%| F|  |TAMS 0x0000000517800000| PB 0x0000000517800000| Untracked 
| 560|0x0000000518000000, 0x0000000518000000, 0x0000000518800000|  0%| F|  |TAMS 0x0000000518000000| PB 0x0000000518000000| Untracked 
| 561|0x0000000518800000, 0x0000000518800000, 0x0000000519000000|  0%| F|  |TAMS 0x0000000518800000| PB 0x0000000518800000| Untracked 
| 562|0x0000000519000000, 0x0000000519000000, 0x0000000519800000|  0%| F|  |TAMS 0x0000000519000000| PB 0x0000000519000000| Untracked 
| 563|0x0000000519800000, 0x0000000519800000, 0x000000051a000000|  0%| F|  |TAMS 0x0000000519800000| PB 0x0000000519800000| Untracked 
| 564|0x000000051a000000, 0x000000051a000000, 0x000000051a800000|  0%| F|  |TAMS 0x000000051a000000| PB 0x000000051a000000| Untracked 
| 565|0x000000051a800000, 0x000000051a800000, 0x000000051b000000|  0%| F|  |TAMS 0x000000051a800000| PB 0x000000051a800000| Untracked 
| 566|0x000000051b000000, 0x000000051b000000, 0x000000051b800000|  0%| F|  |TAMS 0x000000051b000000| PB 0x000000051b000000| Untracked 
| 567|0x000000051b800000, 0x000000051b800000, 0x000000051c000000|  0%| F|  |TAMS 0x000000051b800000| PB 0x000000051b800000| Untracked 
| 568|0x000000051c000000, 0x000000051c000000, 0x000000051c800000|  0%| F|  |TAMS 0x000000051c000000| PB 0x000000051c000000| Untracked 
| 569|0x000000051c800000, 0x000000051c800000, 0x000000051d000000|  0%| F|  |TAMS 0x000000051c800000| PB 0x000000051c800000| Untracked 
| 570|0x000000051d000000, 0x000000051d000000, 0x000000051d800000|  0%| F|  |TAMS 0x000000051d000000| PB 0x000000051d000000| Untracked 
| 571|0x000000051d800000, 0x000000051d800000, 0x000000051e000000|  0%| F|  |TAMS 0x000000051d800000| PB 0x000000051d800000| Untracked 
| 572|0x000000051e000000, 0x000000051e000000, 0x000000051e800000|  0%| F|  |TAMS 0x000000051e000000| PB 0x000000051e000000| Untracked 
| 573|0x000000051e800000, 0x000000051e800000, 0x000000051f000000|  0%| F|  |TAMS 0x000000051e800000| PB 0x000000051e800000| Untracked 
| 574|0x000000051f000000, 0x000000051f000000, 0x000000051f800000|  0%| F|  |TAMS 0x000000051f000000| PB 0x000000051f000000| Untracked 
| 575|0x000000051f800000, 0x000000051f800000, 0x0000000520000000|  0%| F|  |TAMS 0x000000051f800000| PB 0x000000051f800000| Untracked 
| 576|0x0000000520000000, 0x0000000520000000, 0x0000000520800000|  0%| F|  |TAMS 0x0000000520000000| PB 0x0000000520000000| Untracked 
| 577|0x0000000520800000, 0x0000000520800000, 0x0000000521000000|  0%| F|  |TAMS 0x0000000520800000| PB 0x0000000520800000| Untracked 
| 578|0x0000000521000000, 0x0000000521000000, 0x0000000521800000|  0%| F|  |TAMS 0x0000000521000000| PB 0x0000000521000000| Untracked 
| 579|0x0000000521800000, 0x0000000521800000, 0x0000000522000000|  0%| F|  |TAMS 0x0000000521800000| PB 0x0000000521800000| Untracked 
| 580|0x0000000522000000, 0x0000000522000000, 0x0000000522800000|  0%| F|  |TAMS 0x0000000522000000| PB 0x0000000522000000| Untracked 
| 581|0x0000000522800000, 0x0000000522800000, 0x0000000523000000|  0%| F|  |TAMS 0x0000000522800000| PB 0x0000000522800000| Untracked 
| 582|0x0000000523000000, 0x0000000523000000, 0x0000000523800000|  0%| F|  |TAMS 0x0000000523000000| PB 0x0000000523000000| Untracked 
| 583|0x0000000523800000, 0x0000000523800000, 0x0000000524000000|  0%| F|  |TAMS 0x0000000523800000| PB 0x0000000523800000| Untracked 
| 584|0x0000000524000000, 0x0000000524000000, 0x0000000524800000|  0%| F|  |TAMS 0x0000000524000000| PB 0x0000000524000000| Untracked 
| 585|0x0000000524800000, 0x0000000524800000, 0x0000000525000000|  0%| F|  |TAMS 0x0000000524800000| PB 0x0000000524800000| Untracked 
| 586|0x0000000525000000, 0x0000000525000000, 0x0000000525800000|  0%| F|  |TAMS 0x0000000525000000| PB 0x0000000525000000| Untracked 
| 587|0x0000000525800000, 0x0000000525800000, 0x0000000526000000|  0%| F|  |TAMS 0x0000000525800000| PB 0x0000000525800000| Untracked 
| 588|0x0000000526000000, 0x0000000526000000, 0x0000000526800000|  0%| F|  |TAMS 0x0000000526000000| PB 0x0000000526000000| Untracked 
| 589|0x0000000526800000, 0x0000000526800000, 0x0000000527000000|  0%| F|  |TAMS 0x0000000526800000| PB 0x0000000526800000| Untracked 
| 590|0x0000000527000000, 0x0000000527000000, 0x0000000527800000|  0%| F|  |TAMS 0x0000000527000000| PB 0x0000000527000000| Untracked 
| 591|0x0000000527800000, 0x0000000527800000, 0x0000000528000000|  0%| F|  |TAMS 0x0000000527800000| PB 0x0000000527800000| Untracked 
| 592|0x0000000528000000, 0x0000000528000000, 0x0000000528800000|  0%| F|  |TAMS 0x0000000528000000| PB 0x0000000528000000| Untracked 
| 593|0x0000000528800000, 0x0000000528800000, 0x0000000529000000|  0%| F|  |TAMS 0x0000000528800000| PB 0x0000000528800000| Untracked 
| 594|0x0000000529000000, 0x0000000529000000, 0x0000000529800000|  0%| F|  |TAMS 0x0000000529000000| PB 0x0000000529000000| Untracked 
| 595|0x0000000529800000, 0x0000000529800000, 0x000000052a000000|  0%| F|  |TAMS 0x0000000529800000| PB 0x0000000529800000| Untracked 
| 596|0x000000052a000000, 0x000000052a000000, 0x000000052a800000|  0%| F|  |TAMS 0x000000052a000000| PB 0x000000052a000000| Untracked 
| 597|0x000000052a800000, 0x000000052a800000, 0x000000052b000000|  0%| F|  |TAMS 0x000000052a800000| PB 0x000000052a800000| Untracked 
| 598|0x000000052b000000, 0x000000052b000000, 0x000000052b800000|  0%| F|  |TAMS 0x000000052b000000| PB 0x000000052b000000| Untracked 
| 599|0x000000052b800000, 0x000000052b800000, 0x000000052c000000|  0%| F|  |TAMS 0x000000052b800000| PB 0x000000052b800000| Untracked 
| 600|0x000000052c000000, 0x000000052c000000, 0x000000052c800000|  0%| F|  |TAMS 0x000000052c000000| PB 0x000000052c000000| Untracked 
| 601|0x000000052c800000, 0x000000052c800000, 0x000000052d000000|  0%| F|  |TAMS 0x000000052c800000| PB 0x000000052c800000| Untracked 
| 602|0x000000052d000000, 0x000000052d000000, 0x000000052d800000|  0%| F|  |TAMS 0x000000052d000000| PB 0x000000052d000000| Untracked 
| 603|0x000000052d800000, 0x000000052d800000, 0x000000052e000000|  0%| F|  |TAMS 0x000000052d800000| PB 0x000000052d800000| Untracked 
| 604|0x000000052e000000, 0x000000052e000000, 0x000000052e800000|  0%| F|  |TAMS 0x000000052e000000| PB 0x000000052e000000| Untracked 
| 605|0x000000052e800000, 0x000000052e800000, 0x000000052f000000|  0%| F|  |TAMS 0x000000052e800000| PB 0x000000052e800000| Untracked 
| 606|0x000000052f000000, 0x000000052f000000, 0x000000052f800000|  0%| F|  |TAMS 0x000000052f000000| PB 0x000000052f000000| Untracked 
| 607|0x000000052f800000, 0x000000052f800000, 0x0000000530000000|  0%| F|  |TAMS 0x000000052f800000| PB 0x000000052f800000| Untracked 
| 608|0x0000000530000000, 0x0000000530000000, 0x0000000530800000|  0%| F|  |TAMS 0x0000000530000000| PB 0x0000000530000000| Untracked 
| 609|0x0000000530800000, 0x0000000530800000, 0x0000000531000000|  0%| F|  |TAMS 0x0000000530800000| PB 0x0000000530800000| Untracked 
| 610|0x0000000531000000, 0x0000000531000000, 0x0000000531800000|  0%| F|  |TAMS 0x0000000531000000| PB 0x0000000531000000| Untracked 
| 611|0x0000000531800000, 0x0000000531800000, 0x0000000532000000|  0%| F|  |TAMS 0x0000000531800000| PB 0x0000000531800000| Untracked 
| 612|0x0000000532000000, 0x0000000532000000, 0x0000000532800000|  0%| F|  |TAMS 0x0000000532000000| PB 0x0000000532000000| Untracked 
| 613|0x0000000532800000, 0x0000000532800000, 0x0000000533000000|  0%| F|  |TAMS 0x0000000532800000| PB 0x0000000532800000| Untracked 
| 614|0x0000000533000000, 0x0000000533000000, 0x0000000533800000|  0%| F|  |TAMS 0x0000000533000000| PB 0x0000000533000000| Untracked 
| 615|0x0000000533800000, 0x0000000533800000, 0x0000000534000000|  0%| F|  |TAMS 0x0000000533800000| PB 0x0000000533800000| Untracked 
| 616|0x0000000534000000, 0x0000000534000000, 0x0000000534800000|  0%| F|  |TAMS 0x0000000534000000| PB 0x0000000534000000| Untracked 
| 617|0x0000000534800000, 0x0000000534800000, 0x0000000535000000|  0%| F|  |TAMS 0x0000000534800000| PB 0x0000000534800000| Untracked 
| 618|0x0000000535000000, 0x0000000535000000, 0x0000000535800000|  0%| F|  |TAMS 0x0000000535000000| PB 0x0000000535000000| Untracked 
| 619|0x0000000535800000, 0x0000000535800000, 0x0000000536000000|  0%| F|  |TAMS 0x0000000535800000| PB 0x0000000535800000| Untracked 
| 620|0x0000000536000000, 0x0000000536000000, 0x0000000536800000|  0%| F|  |TAMS 0x0000000536000000| PB 0x0000000536000000| Untracked 
| 621|0x0000000536800000, 0x0000000536800000, 0x0000000537000000|  0%| F|  |TAMS 0x0000000536800000| PB 0x0000000536800000| Untracked 
| 622|0x0000000537000000, 0x0000000537000000, 0x0000000537800000|  0%| F|  |TAMS 0x0000000537000000| PB 0x0000000537000000| Untracked 
| 623|0x0000000537800000, 0x0000000537800000, 0x0000000538000000|  0%| F|  |TAMS 0x0000000537800000| PB 0x0000000537800000| Untracked 
| 624|0x0000000538000000, 0x0000000538000000, 0x0000000538800000|  0%| F|  |TAMS 0x0000000538000000| PB 0x0000000538000000| Untracked 
| 625|0x0000000538800000, 0x0000000538800000, 0x0000000539000000|  0%| F|  |TAMS 0x0000000538800000| PB 0x0000000538800000| Untracked 
| 626|0x0000000539000000, 0x0000000539000000, 0x0000000539800000|  0%| F|  |TAMS 0x0000000539000000| PB 0x0000000539000000| Untracked 
| 627|0x0000000539800000, 0x0000000539800000, 0x000000053a000000|  0%| F|  |TAMS 0x0000000539800000| PB 0x0000000539800000| Untracked 
| 628|0x000000053a000000, 0x000000053a000000, 0x000000053a800000|  0%| F|  |TAMS 0x000000053a000000| PB 0x000000053a000000| Untracked 
| 629|0x000000053a800000, 0x000000053a800000, 0x000000053b000000|  0%| F|  |TAMS 0x000000053a800000| PB 0x000000053a800000| Untracked 
| 630|0x000000053b000000, 0x000000053b000000, 0x000000053b800000|  0%| F|  |TAMS 0x000000053b000000| PB 0x000000053b000000| Untracked 
| 631|0x000000053b800000, 0x000000053b800000, 0x000000053c000000|  0%| F|  |TAMS 0x000000053b800000| PB 0x000000053b800000| Untracked 
| 632|0x000000053c000000, 0x000000053c000000, 0x000000053c800000|  0%| F|  |TAMS 0x000000053c000000| PB 0x000000053c000000| Untracked 
| 633|0x000000053c800000, 0x000000053c800000, 0x000000053d000000|  0%| F|  |TAMS 0x000000053c800000| PB 0x000000053c800000| Untracked 
| 634|0x000000053d000000, 0x000000053d000000, 0x000000053d800000|  0%| F|  |TAMS 0x000000053d000000| PB 0x000000053d000000| Untracked 
| 635|0x000000053d800000, 0x000000053d800000, 0x000000053e000000|  0%| F|  |TAMS 0x000000053d800000| PB 0x000000053d800000| Untracked 
| 636|0x000000053e000000, 0x000000053e000000, 0x000000053e800000|  0%| F|  |TAMS 0x000000053e000000| PB 0x000000053e000000| Untracked 
| 637|0x000000053e800000, 0x000000053e800000, 0x000000053f000000|  0%| F|  |TAMS 0x000000053e800000| PB 0x000000053e800000| Untracked 
| 638|0x000000053f000000, 0x000000053f000000, 0x000000053f800000|  0%| F|  |TAMS 0x000000053f000000| PB 0x000000053f000000| Untracked 
| 639|0x000000053f800000, 0x000000053f800000, 0x0000000540000000|  0%| F|  |TAMS 0x000000053f800000| PB 0x000000053f800000| Untracked 
| 640|0x0000000540000000, 0x0000000540000000, 0x0000000540800000|  0%| F|  |TAMS 0x0000000540000000| PB 0x0000000540000000| Untracked 
| 641|0x0000000540800000, 0x0000000540800000, 0x0000000541000000|  0%| F|  |TAMS 0x0000000540800000| PB 0x0000000540800000| Untracked 
| 642|0x0000000541000000, 0x0000000541000000, 0x0000000541800000|  0%| F|  |TAMS 0x0000000541000000| PB 0x0000000541000000| Untracked 
| 643|0x0000000541800000, 0x0000000541800000, 0x0000000542000000|  0%| F|  |TAMS 0x0000000541800000| PB 0x0000000541800000| Untracked 
| 644|0x0000000542000000, 0x0000000542000000, 0x0000000542800000|  0%| F|  |TAMS 0x0000000542000000| PB 0x0000000542000000| Untracked 
| 645|0x0000000542800000, 0x0000000542800000, 0x0000000543000000|  0%| F|  |TAMS 0x0000000542800000| PB 0x0000000542800000| Untracked 
| 646|0x0000000543000000, 0x0000000543000000, 0x0000000543800000|  0%| F|  |TAMS 0x0000000543000000| PB 0x0000000543000000| Untracked 
| 647|0x0000000543800000, 0x0000000543800000, 0x0000000544000000|  0%| F|  |TAMS 0x0000000543800000| PB 0x0000000543800000| Untracked 
| 648|0x0000000544000000, 0x0000000544000000, 0x0000000544800000|  0%| F|  |TAMS 0x0000000544000000| PB 0x0000000544000000| Untracked 
| 649|0x0000000544800000, 0x0000000544800000, 0x0000000545000000|  0%| F|  |TAMS 0x0000000544800000| PB 0x0000000544800000| Untracked 
| 650|0x0000000545000000, 0x0000000545000000, 0x0000000545800000|  0%| F|  |TAMS 0x0000000545000000| PB 0x0000000545000000| Untracked 
| 651|0x0000000545800000, 0x0000000545800000, 0x0000000546000000|  0%| F|  |TAMS 0x0000000545800000| PB 0x0000000545800000| Untracked 
| 652|0x0000000546000000, 0x0000000546000000, 0x0000000546800000|  0%| F|  |TAMS 0x0000000546000000| PB 0x0000000546000000| Untracked 
| 653|0x0000000546800000, 0x0000000546800000, 0x0000000547000000|  0%| F|  |TAMS 0x0000000546800000| PB 0x0000000546800000| Untracked 
| 654|0x0000000547000000, 0x0000000547000000, 0x0000000547800000|  0%| F|  |TAMS 0x0000000547000000| PB 0x0000000547000000| Untracked 
| 655|0x0000000547800000, 0x0000000547800000, 0x0000000548000000|  0%| F|  |TAMS 0x0000000547800000| PB 0x0000000547800000| Untracked 
| 656|0x0000000548000000, 0x0000000548000000, 0x0000000548800000|  0%| F|  |TAMS 0x0000000548000000| PB 0x0000000548000000| Untracked 
| 657|0x0000000548800000, 0x0000000548800000, 0x0000000549000000|  0%| F|  |TAMS 0x0000000548800000| PB 0x0000000548800000| Untracked 
| 658|0x0000000549000000, 0x0000000549000000, 0x0000000549800000|  0%| F|  |TAMS 0x0000000549000000| PB 0x0000000549000000| Untracked 
| 659|0x0000000549800000, 0x0000000549800000, 0x000000054a000000|  0%| F|  |TAMS 0x0000000549800000| PB 0x0000000549800000| Untracked 
| 660|0x000000054a000000, 0x000000054a000000, 0x000000054a800000|  0%| F|  |TAMS 0x000000054a000000| PB 0x000000054a000000| Untracked 
| 661|0x000000054a800000, 0x000000054a800000, 0x000000054b000000|  0%| F|  |TAMS 0x000000054a800000| PB 0x000000054a800000| Untracked 
| 662|0x000000054b000000, 0x000000054b000000, 0x000000054b800000|  0%| F|  |TAMS 0x000000054b000000| PB 0x000000054b000000| Untracked 
| 663|0x000000054b800000, 0x000000054b800000, 0x000000054c000000|  0%| F|  |TAMS 0x000000054b800000| PB 0x000000054b800000| Untracked 
| 664|0x000000054c000000, 0x000000054c000000, 0x000000054c800000|  0%| F|  |TAMS 0x000000054c000000| PB 0x000000054c000000| Untracked 
| 665|0x000000054c800000, 0x000000054c800000, 0x000000054d000000|  0%| F|  |TAMS 0x000000054c800000| PB 0x000000054c800000| Untracked 
| 666|0x000000054d000000, 0x000000054d000000, 0x000000054d800000|  0%| F|  |TAMS 0x000000054d000000| PB 0x000000054d000000| Untracked 
| 667|0x000000054d800000, 0x000000054d800000, 0x000000054e000000|  0%| F|  |TAMS 0x000000054d800000| PB 0x000000054d800000| Untracked 
| 668|0x000000054e000000, 0x000000054e000000, 0x000000054e800000|  0%| F|  |TAMS 0x000000054e000000| PB 0x000000054e000000| Untracked 
| 669|0x000000054e800000, 0x000000054e800000, 0x000000054f000000|  0%| F|  |TAMS 0x000000054e800000| PB 0x000000054e800000| Untracked 
| 670|0x000000054f000000, 0x000000054f000000, 0x000000054f800000|  0%| F|  |TAMS 0x000000054f000000| PB 0x000000054f000000| Untracked 
| 671|0x000000054f800000, 0x000000054f800000, 0x0000000550000000|  0%| F|  |TAMS 0x000000054f800000| PB 0x000000054f800000| Untracked 
| 672|0x0000000550000000, 0x0000000550000000, 0x0000000550800000|  0%| F|  |TAMS 0x0000000550000000| PB 0x0000000550000000| Untracked 
| 673|0x0000000550800000, 0x0000000550800000, 0x0000000551000000|  0%| F|  |TAMS 0x0000000550800000| PB 0x0000000550800000| Untracked 
| 674|0x0000000551000000, 0x0000000551000000, 0x0000000551800000|  0%| F|  |TAMS 0x0000000551000000| PB 0x0000000551000000| Untracked 
| 675|0x0000000551800000, 0x0000000551800000, 0x0000000552000000|  0%| F|  |TAMS 0x0000000551800000| PB 0x0000000551800000| Untracked 
| 676|0x0000000552000000, 0x0000000552000000, 0x0000000552800000|  0%| F|  |TAMS 0x0000000552000000| PB 0x0000000552000000| Untracked 
| 677|0x0000000552800000, 0x0000000552800000, 0x0000000553000000|  0%| F|  |TAMS 0x0000000552800000| PB 0x0000000552800000| Untracked 
| 678|0x0000000553000000, 0x0000000553000000, 0x0000000553800000|  0%| F|  |TAMS 0x0000000553000000| PB 0x0000000553000000| Untracked 
| 679|0x0000000553800000, 0x0000000553800000, 0x0000000554000000|  0%| F|  |TAMS 0x0000000553800000| PB 0x0000000553800000| Untracked 
| 680|0x0000000554000000, 0x0000000554000000, 0x0000000554800000|  0%| F|  |TAMS 0x0000000554000000| PB 0x0000000554000000| Untracked 
| 681|0x0000000554800000, 0x0000000554800000, 0x0000000555000000|  0%| F|  |TAMS 0x0000000554800000| PB 0x0000000554800000| Untracked 
| 682|0x0000000555000000, 0x0000000555000000, 0x0000000555800000|  0%| F|  |TAMS 0x0000000555000000| PB 0x0000000555000000| Untracked 
| 683|0x0000000555800000, 0x0000000555800000, 0x0000000556000000|  0%| F|  |TAMS 0x0000000555800000| PB 0x0000000555800000| Untracked 
| 684|0x0000000556000000, 0x0000000556000000, 0x0000000556800000|  0%| F|  |TAMS 0x0000000556000000| PB 0x0000000556000000| Untracked 
| 685|0x0000000556800000, 0x0000000556800000, 0x0000000557000000|  0%| F|  |TAMS 0x0000000556800000| PB 0x0000000556800000| Untracked 
| 686|0x0000000557000000, 0x0000000557000000, 0x0000000557800000|  0%| F|  |TAMS 0x0000000557000000| PB 0x0000000557000000| Untracked 
| 687|0x0000000557800000, 0x0000000557800000, 0x0000000558000000|  0%| F|  |TAMS 0x0000000557800000| PB 0x0000000557800000| Untracked 
| 688|0x0000000558000000, 0x0000000558000000, 0x0000000558800000|  0%| F|  |TAMS 0x0000000558000000| PB 0x0000000558000000| Untracked 
| 689|0x0000000558800000, 0x0000000558800000, 0x0000000559000000|  0%| F|  |TAMS 0x0000000558800000| PB 0x0000000558800000| Untracked 
| 690|0x0000000559000000, 0x0000000559000000, 0x0000000559800000|  0%| F|  |TAMS 0x0000000559000000| PB 0x0000000559000000| Untracked 
| 691|0x0000000559800000, 0x0000000559800000, 0x000000055a000000|  0%| F|  |TAMS 0x0000000559800000| PB 0x0000000559800000| Untracked 
| 692|0x000000055a000000, 0x000000055a000000, 0x000000055a800000|  0%| F|  |TAMS 0x000000055a000000| PB 0x000000055a000000| Untracked 
| 693|0x000000055a800000, 0x000000055a800000, 0x000000055b000000|  0%| F|  |TAMS 0x000000055a800000| PB 0x000000055a800000| Untracked 
| 694|0x000000055b000000, 0x000000055b000000, 0x000000055b800000|  0%| F|  |TAMS 0x000000055b000000| PB 0x000000055b000000| Untracked 
| 695|0x000000055b800000, 0x000000055b800000, 0x000000055c000000|  0%| F|  |TAMS 0x000000055b800000| PB 0x000000055b800000| Untracked 
| 696|0x000000055c000000, 0x000000055c000000, 0x000000055c800000|  0%| F|  |TAMS 0x000000055c000000| PB 0x000000055c000000| Untracked 
| 697|0x000000055c800000, 0x000000055c800000, 0x000000055d000000|  0%| F|  |TAMS 0x000000055c800000| PB 0x000000055c800000| Untracked 
| 698|0x000000055d000000, 0x000000055d000000, 0x000000055d800000|  0%| F|  |TAMS 0x000000055d000000| PB 0x000000055d000000| Untracked 
| 699|0x000000055d800000, 0x000000055d800000, 0x000000055e000000|  0%| F|  |TAMS 0x000000055d800000| PB 0x000000055d800000| Untracked 
| 700|0x000000055e000000, 0x000000055e000000, 0x000000055e800000|  0%| F|  |TAMS 0x000000055e000000| PB 0x000000055e000000| Untracked 
| 701|0x000000055e800000, 0x000000055e800000, 0x000000055f000000|  0%| F|  |TAMS 0x000000055e800000| PB 0x000000055e800000| Untracked 
| 702|0x000000055f000000, 0x000000055f71a8b8, 0x000000055f800000| 88%| S|CS|TAMS 0x000000055f000000| PB 0x000000055f000000| Complete 
| 703|0x000000055f800000, 0x000000055f800000, 0x0000000560000000|  0%| F|  |TAMS 0x000000055f800000| PB 0x000000055f800000| Untracked 
| 704|0x0000000560000000, 0x0000000560000000, 0x0000000560800000|  0%| F|  |TAMS 0x0000000560000000| PB 0x0000000560000000| Untracked 
| 705|0x0000000560800000, 0x0000000560800000, 0x0000000561000000|  0%| F|  |TAMS 0x0000000560800000| PB 0x0000000560800000| Untracked 
| 706|0x0000000561000000, 0x0000000561800000, 0x0000000561800000|100%| S|CS|TAMS 0x0000000561000000| PB 0x0000000561000000| Complete 
| 707|0x0000000561800000, 0x0000000562000000, 0x0000000562000000|100%| S|CS|TAMS 0x0000000561800000| PB 0x0000000561800000| Complete 
| 708|0x0000000562000000, 0x0000000562800000, 0x0000000562800000|100%| S|CS|TAMS 0x0000000562000000| PB 0x0000000562000000| Complete 
| 709|0x0000000562800000, 0x0000000562800000, 0x0000000563000000|  0%| F|  |TAMS 0x0000000562800000| PB 0x0000000562800000| Untracked 
| 710|0x0000000563000000, 0x0000000563000000, 0x0000000563800000|  0%| F|  |TAMS 0x0000000563000000| PB 0x0000000563000000| Untracked 
|2045|0x00000007fe800000, 0x00000007ff000000, 0x00000007ff000000|100%| O|  |TAMS 0x00000007ff000000| PB 0x00000007fe800000| Untracked 
|2046|0x00000007ff000000, 0x00000007ff800000, 0x00000007ff800000|100%| O|  |TAMS 0x00000007ff800000| PB 0x00000007ff000000| Untracked 
|2047|0x00000007ff800000, 0x0000000800000000, 0x0000000800000000|100%| O|  |TAMS 0x0000000800000000| PB 0x00000007ff800000| Untracked 

Card table byte_map: [0x0000018621d10000,0x0000018623d10000] _byte_map_base: 0x000001861fd10000

Marking Bits: (CMBitMap*) 0x0000018633d51480
 Bits: [0x0000018623d10000, 0x0000018633d10000)

Polling page: 0x00000186062f0000

Metaspace:

Usage:
  Non-class:     16.81 MB used.
      Class:      2.24 MB used.
       Both:     19.05 MB used.

Virtual space:
  Non-class space:       64.00 MB reserved,      17.00 MB ( 27%) committed,  1 nodes.
      Class space:        1.00 GB reserved,       2.38 MB ( <1%) committed,  1 nodes.
             Both:        1.06 GB reserved,      19.38 MB (  2%) committed. 

Chunk freelists:
   Non-Class:  14.24 MB
       Class:  13.46 MB
        Both:  27.69 MB

MaxMetaspaceSize: unlimited
CompressedClassSpaceSize: 1.00 GB
Initial GC threshold: 21.00 MB
Current GC threshold: 32.31 MB
CDS: on
 - commit_granule_bytes: 65536.
 - commit_granule_words: 8192.
 - virtual_space_node_default_size: 8388608.
 - enlarge_chunks_in_place: 1.
 - use_allocation_guard: 0.


Internal statistics:

num_allocs_failed_limit: 0.
num_arena_births: 390.
num_arena_deaths: 0.
num_vsnodes_births: 2.
num_vsnodes_deaths: 0.
num_space_committed: 310.
num_space_uncommitted: 0.
num_chunks_returned_to_freelist: 0.
num_chunks_taken_from_freelist: 1069.
num_chunk_merges: 0.
num_chunk_splits: 702.
num_chunks_enlarged: 482.
num_inconsistent_stats: 0.

CodeHeap 'non-profiled nmethods': size=120000Kb used=1623Kb max_used=2044Kb free=118376Kb
 bounds [0x0000018618290000, 0x0000018618500000, 0x000001861f7c0000]
CodeHeap 'profiled nmethods': size=120000Kb used=6020Kb max_used=7555Kb free=113979Kb
 bounds [0x00000186107c0000, 0x0000018610f30000, 0x0000018617cf0000]
CodeHeap 'non-nmethods': size=5760Kb used=1626Kb max_used=1716Kb free=4133Kb
 bounds [0x0000018617cf0000, 0x0000018617f60000, 0x0000018618290000]
 total_blobs=3886 nmethods=3339 adapters=451
 compilation: enabled
              stopped_count=0, restarted_count=0
 full_count=0

Compilation events (20 events):
Event: 3.312 Thread 0x0000018636a24560 4087       3       java.lang.System$2::join (11 bytes)
Event: 3.313 Thread 0x0000018636a24560 nmethod 4087 0x0000018610e40d90 code [0x0000018610e41100, 0x0000018610e42718]
Event: 3.358 Thread 0x0000018636a24560 4088       3       java.util.stream.AbstractPipeline::onClose (52 bytes)
Event: 3.359 Thread 0x0000018636a24560 nmethod 4088 0x0000018610893690 code [0x00000186108938a0, 0x0000018610893e08]
Event: 3.381 Thread 0x0000018636a24560 4089       3       java.util.stream.Streams$ConcatSpliterator::<init> (47 bytes)
Event: 3.382 Thread 0x0000018636a24560 nmethod 4089 0x0000018610a5a990 code [0x0000018610a5ab60, 0x0000018610a5afb8]
Event: 3.676 Thread 0x0000018636a24560 4090       3       java.util.concurrent.atomic.AtomicLong::addAndGet (14 bytes)
Event: 3.677 Thread 0x0000018636a24560 nmethod 4090 0x000001861086fc10 code [0x000001861086fda0, 0x000001861086fec0]
Event: 4.030 Thread 0x0000018636a10e90 4091       4       java.util.Spliterators$ArraySpliterator::estimateSize (27 bytes)
Event: 4.031 Thread 0x0000018636a10e90 nmethod 4091 0x0000018618298610 code [0x00000186182987a0, 0x0000018618298868]
Event: 4.155 Thread 0x0000018636a24560 4092   !   3       java.nio.channels.spi.AbstractInterruptibleChannel::close (37 bytes)
Event: 4.156 Thread 0x0000018636a24560 nmethod 4092 0x00000186109f7390 code [0x00000186109f7560, 0x00000186109f7870]
Event: 4.449 Thread 0x0000018636a24560 4093       3       io.qameta.allure.core.AttachmentsPlugin::lambda$aggregate$0 (43 bytes)
Event: 4.450 Thread 0x0000018636a24560 nmethod 4093 0x0000018610b05f90 code [0x0000018610b062e0, 0x0000018610b07778]
Event: 4.450 Thread 0x0000018636a24560 4094       3       java.util.stream.Collectors$$Lambda/0x800000047::get (16 bytes)
Event: 4.450 Thread 0x0000018636a24560 nmethod 4094 0x00000186107c2190 code [0x00000186107c2340, 0x00000186107c24a0]
Event: 4.450 Thread 0x0000018636a24560 4095       3       java.util.stream.Collectors::lambda$joining$11 (11 bytes)
Event: 4.451 Thread 0x0000018636a24560 nmethod 4095 0x00000186107ea890 code [0x00000186107eaa40, 0x00000186107eabe0]
Event: 4.468 Thread 0x0000018636a24560 4096   !   3       java.nio.file.Files::readAllBytes (127 bytes)
Event: 4.469 Thread 0x0000018636a24560 nmethod 4096 0x0000018610ebae90 code [0x0000018610ebb1a0, 0x0000018610ebc4f0]

GC Heap History (20 events):
Event: 2.491 GC heap after
{Heap after GC invocations=18 (full 0):
 garbage-first heap   total 5849088K, used 869162K [0x0000000400000000, 0x0000000800000000)
  region size 8192K, 1 young (8192K), 1 survivors (8192K)
 Metaspace       used 19500K, committed 19840K, reserved 1114112K
  class space    used 2293K, committed 2432K, reserved 1048576K
}
Event: 3.639 GC heap before
{Heap before GC invocations=18 (full 0):
 garbage-first heap   total 5849088K, used 2687786K [0x0000000400000000, 0x0000000800000000)
  region size 8192K, 10 young (81920K), 1 survivors (8192K)
 Metaspace       used 19506K, committed 19840K, reserved 1114112K
  class space    used 2293K, committed 2432K, reserved 1048576K
}
Event: 3.647 GC heap after
{Heap after GC invocations=19 (full 0):
 garbage-first heap   total 5849088K, used 1597002K [0x0000000400000000, 0x0000000800000000)
  region size 8192K, 3 young (24576K), 3 survivors (24576K)
 Metaspace       used 19506K, committed 19840K, reserved 1114112K
  class space    used 2293K, committed 2432K, reserved 1048576K
}
Event: 4.098 GC heap before
{Heap before GC invocations=19 (full 0):
 garbage-first heap   total 5849088K, used 2678346K [0x0000000400000000, 0x0000000800000000)
  region size 8192K, 10 young (81920K), 3 survivors (24576K)
 Metaspace       used 19507K, committed 19840K, reserved 1114112K
  class space    used 2293K, committed 2432K, reserved 1048576K
}
Event: 4.109 GC heap after
{Heap after GC invocations=20 (full 0):
 garbage-first heap   total 5849088K, used 1905217K [0x0000000400000000, 0x0000000800000000)
  region size 8192K, 5 young (40960K), 5 survivors (40960K)
 Metaspace       used 19507K, committed 19840K, reserved 1114112K
  class space    used 2293K, committed 2432K, reserved 1048576K
}
Event: 4.529 GC heap before
{Heap before GC invocations=20 (full 0):
 garbage-first heap   total 5849088K, used 2683457K [0x0000000400000000, 0x0000000800000000)
  region size 8192K, 10 young (81920K), 5 survivors (40960K)
 Metaspace       used 19508K, committed 19840K, reserved 1114112K
  class space    used 2293K, committed 2432K, reserved 1048576K
}
Event: 4.535 GC heap after
{Heap after GC invocations=21 (full 0):
 garbage-first heap   total 5849088K, used 2140724K [0x0000000400000000, 0x0000000800000000)
  region size 8192K, 4 young (32768K), 4 survivors (32768K)
 Metaspace       used 19508K, committed 19840K, reserved 1114112K
  class space    used 2293K, committed 2432K, reserved 1048576K
}
Event: 4.773 GC heap before
{Heap before GC invocations=21 (full 0):
 garbage-first heap   total 5849088K, used 2665012K [0x0000000400000000, 0x0000000800000000)
  region size 8192K, 8 young (65536K), 4 survivors (32768K)
 Metaspace       used 19508K, committed 19840K, reserved 1114112K
  class space    used 2293K, committed 2432K, reserved 1048576K
}
Event: 4.782 GC heap after
{Heap after GC invocations=22 (full 0):
 garbage-first heap   total 5849088K, used 2299989K [0x0000000400000000, 0x0000000800000000)
  region size 8192K, 2 young (16384K), 2 survivors (16384K)
 Metaspace       used 19508K, committed 19840K, reserved 1114112K
  class space    used 2293K, committed 2432K, reserved 1048576K
}
Event: 4.957 GC heap before
{Heap before GC invocations=22 (full 0):
 garbage-first heap   total 5849088K, used 2660437K [0x0000000400000000, 0x0000000800000000)
  region size 8192K, 5 young (40960K), 2 survivors (16384K)
 Metaspace       used 19508K, committed 19840K, reserved 1114112K
  class space    used 2293K, committed 2432K, reserved 1048576K
}
Event: 4.960 GC heap after
{Heap after GC invocations=23 (full 0):
 garbage-first heap   total 5849088K, used 2444872K [0x0000000400000000, 0x0000000800000000)
  region size 8192K, 3 young (24576K), 3 survivors (24576K)
 Metaspace       used 19508K, committed 19840K, reserved 1114112K
  class space    used 2293K, committed 2432K, reserved 1048576K
}
Event: 5.132 GC heap before
{Heap before GC invocations=23 (full 0):
 garbage-first heap   total 5849088K, used 2690632K [0x0000000400000000, 0x0000000800000000)
  region size 8192K, 8 young (65536K), 3 survivors (24576K)
 Metaspace       used 19508K, committed 19840K, reserved 1114112K
  class space    used 2293K, committed 2432K, reserved 1048576K
}
Event: 5.136 GC heap after
{Heap after GC invocations=24 (full 0):
 garbage-first heap   total 5849088K, used 2543592K [0x0000000400000000, 0x0000000800000000)
  region size 8192K, 4 young (32768K), 4 survivors (32768K)
 Metaspace       used 19508K, committed 19840K, reserved 1114112K
  class space    used 2293K, committed 2432K, reserved 1048576K
}
Event: 5.176 GC heap before
{Heap before GC invocations=24 (full 0):
 garbage-first heap   total 5849088K, used 2691048K [0x0000000400000000, 0x0000000800000000)
  region size 8192K, 9 young (73728K), 4 survivors (32768K)
 Metaspace       used 19508K, committed 19840K, reserved 1114112K
  class space    used 2293K, committed 2432K, reserved 1048576K
}
Event: 5.180 GC heap after
{Heap after GC invocations=25 (full 0):
 garbage-first heap   total 5849088K, used 2584576K [0x0000000400000000, 0x0000000800000000)
  region size 8192K, 4 young (32768K), 4 survivors (32768K)
 Metaspace       used 19508K, committed 19840K, reserved 1114112K
  class space    used 2293K, committed 2432K, reserved 1048576K
}
Event: 5.215 GC heap before
{Heap before GC invocations=25 (full 0):
 garbage-first heap   total 5849088K, used 2658304K [0x0000000400000000, 0x0000000800000000)
  region size 8192K, 6 young (49152K), 4 survivors (32768K)
 Metaspace       used 19508K, committed 19840K, reserved 1114112K
  class space    used 2293K, committed 2432K, reserved 1048576K
}
Event: 5.218 GC heap after
{Heap after GC invocations=26 (full 0):
 garbage-first heap   total 5849088K, used 2603065K [0x0000000400000000, 0x0000000800000000)
  region size 8192K, 4 young (32768K), 4 survivors (32768K)
 Metaspace       used 19508K, committed 19840K, reserved 1114112K
  class space    used 2293K, committed 2432K, reserved 1048576K
}
Event: 5.257 GC heap before
{Heap before GC invocations=26 (full 0):
 garbage-first heap   total 5849088K, used 2660409K [0x0000000400000000, 0x0000000800000000)
  region size 8192K, 6 young (49152K), 4 survivors (32768K)
 Metaspace       used 19508K, committed 19840K, reserved 1114112K
  class space    used 2293K, committed 2432K, reserved 1048576K
}
Event: 5.260 GC heap after
{Heap after GC invocations=27 (full 0):
 garbage-first heap   total 5849088K, used 2634162K [0x0000000400000000, 0x0000000800000000)
  region size 8192K, 4 young (32768K), 4 survivors (32768K)
 Metaspace       used 19508K, committed 19840K, reserved 1114112K
  class space    used 2293K, committed 2432K, reserved 1048576K
}
Event: 5.272 GC heap before
{Heap before GC invocations=27 (full 0):
 garbage-first heap   total 5849088K, used 2658738K [0x0000000400000000, 0x0000000800000000)
  region size 8192K, 6 young (49152K), 4 survivors (32768K)
 Metaspace       used 19508K, committed 19840K, reserved 1114112K
  class space    used 2293K, committed 2432K, reserved 1048576K
}

Dll operation events (7 events):
Event: 0.004 Loaded shared library C:\Java 21\jdk-21.0.1\bin\java.dll
Event: 0.027 Loaded shared library C:\Java 21\jdk-21.0.1\bin\jsvml.dll
Event: 0.053 Loaded shared library C:\Java 21\jdk-21.0.1\bin\net.dll
Event: 0.054 Loaded shared library C:\Java 21\jdk-21.0.1\bin\nio.dll
Event: 0.056 Loaded shared library C:\Java 21\jdk-21.0.1\bin\zip.dll
Event: 0.098 Loaded shared library C:\Java 21\jdk-21.0.1\bin\jimage.dll
Event: 1.328 Loaded shared library C:\Java 21\jdk-21.0.1\bin\verify.dll

Deoptimization events (20 events):
Event: 1.550 Thread 0x000001860836f7a0 Uncommon trap: trap_request=0xffffff45 fr.pc=0x000001861847436c relative=0x000000000000024c
Event: 1.550 Thread 0x000001860836f7a0 Uncommon trap: reason=unstable_if action=reinterpret pc=0x000001861847436c method=com.fasterxml.jackson.core.json.UTF8JsonGenerator.writeEndArray()V @ 74 c2
Event: 1.550 Thread 0x000001860836f7a0 DEOPT PACKING pc=0x000001861847436c sp=0x0000004fa3ffe4b0
Event: 1.550 Thread 0x000001860836f7a0 DEOPT UNPACKING pc=0x0000018617d47da2 sp=0x0000004fa3ffe460 mode 2
Event: 1.555 Thread 0x000001860836f7a0 Uncommon trap: trap_request=0xffffff45 fr.pc=0x00000186184714cc relative=0x00000000000002ec
Event: 1.555 Thread 0x000001860836f7a0 Uncommon trap: reason=unstable_if action=reinterpret pc=0x00000186184714cc method=com.fasterxml.jackson.core.json.UTF8JsonGenerator.writeBoolean(Z)V @ 16 c2
Event: 1.555 Thread 0x000001860836f7a0 DEOPT PACKING pc=0x00000186184714cc sp=0x0000004fa3ffe240
Event: 1.555 Thread 0x000001860836f7a0 DEOPT UNPACKING pc=0x0000018617d47da2 sp=0x0000004fa3ffe150 mode 2
Event: 1.571 Thread 0x000001860836f7a0 Uncommon trap: trap_request=0xffffff45 fr.pc=0x0000018618474dec relative=0x00000000000006ec
Event: 1.571 Thread 0x000001860836f7a0 Uncommon trap: reason=unstable_if action=reinterpret pc=0x0000018618474dec method=com.fasterxml.jackson.core.json.UTF8JsonGenerator.writeStartArray(Ljava/lang/Object;I)V @ 60 c2
Event: 1.571 Thread 0x000001860836f7a0 DEOPT PACKING pc=0x0000018618474dec sp=0x0000004fa3ffe900
Event: 1.571 Thread 0x000001860836f7a0 DEOPT UNPACKING pc=0x0000018617d47da2 sp=0x0000004fa3ffe8d0 mode 2
Event: 1.578 Thread 0x000001860836f7a0 Uncommon trap: trap_request=0xffffff45 fr.pc=0x00000186184491d8 relative=0x0000000000000198
Event: 1.578 Thread 0x000001860836f7a0 Uncommon trap: reason=unstable_if action=reinterpret pc=0x00000186184491d8 method=java.util.stream.AbstractPipeline.evaluate(Ljava/util/stream/TerminalOp;)Ljava/lang/Object; @ 53 c2
Event: 1.578 Thread 0x000001860836f7a0 DEOPT PACKING pc=0x00000186184491d8 sp=0x0000004fa3ffeff0
Event: 1.578 Thread 0x000001860836f7a0 DEOPT UNPACKING pc=0x0000018617d47da2 sp=0x0000004fa3ffefb0 mode 2
Event: 1.578 Thread 0x000001860836f7a0 Uncommon trap: trap_request=0xffffff45 fr.pc=0x00000186183cedd4 relative=0x0000000000000134
Event: 1.578 Thread 0x000001860836f7a0 Uncommon trap: reason=unstable_if action=reinterpret pc=0x00000186183cedd4 method=java.util.stream.AbstractPipeline.sourceSpliterator(I)Ljava/util/Spliterator; @ 82 c2
Event: 1.578 Thread 0x000001860836f7a0 DEOPT PACKING pc=0x00000186183cedd4 sp=0x0000004fa3ffef70
Event: 1.578 Thread 0x000001860836f7a0 DEOPT UNPACKING pc=0x0000018617d47da2 sp=0x0000004fa3ffef00 mode 2

Classes loaded (20 events):
Event: 1.436 Loading class java/util/concurrent/Executors
Event: 1.436 Loading class java/util/concurrent/Executors done
Event: 1.436 Loading class java/util/concurrent/Executors$DefaultThreadFactory
Event: 1.436 Loading class java/util/concurrent/Executors$DefaultThreadFactory done
Event: 1.436 Loading class java/util/concurrent/ThreadPoolExecutor$Worker
Event: 1.436 Loading class java/util/concurrent/ThreadPoolExecutor$Worker done
Event: 1.437 Loading class java/lang/Thread$ThreadNumbering
Event: 1.438 Loading class java/lang/Thread$ThreadNumbering done
Event: 1.448 Loading class java/util/concurrent/atomic/Striped64$1
Event: 1.448 Loading class java/util/concurrent/atomic/Striped64$1 done
Event: 1.449 Loading class java/util/concurrent/ConcurrentSkipListMap$Values
Event: 1.449 Loading class java/util/concurrent/ConcurrentSkipListMap$Values done
Event: 1.449 Loading class java/util/concurrent/ConcurrentSkipListMap$ValueIterator
Event: 1.449 Loading class java/util/concurrent/ConcurrentSkipListMap$Iter
Event: 1.449 Loading class java/util/concurrent/ConcurrentSkipListMap$Iter done
Event: 1.449 Loading class java/util/concurrent/ConcurrentSkipListMap$ValueIterator done
Event: 1.578 Loading class java/util/Collections$UnmodifiableMap$UnmodifiableEntrySet$UnmodifiableEntrySetSpliterator
Event: 1.578 Loading class java/util/Collections$UnmodifiableMap$UnmodifiableEntrySet$UnmodifiableEntrySetSpliterator done
Event: 1.578 Loading class java/util/concurrent/ConcurrentHashMap$EntrySpliterator
Event: 1.578 Loading class java/util/concurrent/ConcurrentHashMap$EntrySpliterator done

Classes unloaded (0 events):
No events

Classes redefined (0 events):
No events

Internal exceptions (20 events):
Event: 1.333 Thread 0x000001860836f7a0 Exception <a 'java/lang/NoClassDefFoundError'{0x0000000411ce3858}: org/apache/log4j/Priority> (0x0000000411ce3858) 
thrown [s\open\src\hotspot\share\classfile\systemDictionary.cpp, line 301]
Event: 1.350 Thread 0x000001860836f7a0 Exception <a 'java/lang/ClassNotFoundException'{0x0000000411e45e78}: io/qameta/allure/csv/CsvExportCategoryBeanInfo> (0x0000000411e45e78) 
thrown [s\open\src\hotspot\share\classfile\systemDictionary.cpp, line 312]
Event: 1.350 Thread 0x000001860836f7a0 Exception <a 'java/lang/ClassNotFoundException'{0x0000000411e46648}: java/lang/ObjectBeanInfo> (0x0000000411e46648) 
thrown [s\open\src\hotspot\share\classfile\systemDictionary.cpp, line 312]
Event: 1.350 Thread 0x000001860836f7a0 Exception <a 'java/lang/ClassNotFoundException'{0x0000000411e47478}: java/lang/ObjectCustomizer> (0x0000000411e47478) 
thrown [s\open\src\hotspot\share\classfile\systemDictionary.cpp, line 312]
Event: 1.353 Thread 0x000001860836f7a0 Exception <a 'java/lang/IncompatibleClassChangeError'{0x0000000411e4c080}: Found class java.lang.Object, but interface was expected> (0x0000000411e4c080) 
thrown [s\open\src\hotspot\share\interpreter\linkResolver.cpp, line 840]
Event: 1.355 Thread 0x000001860836f7a0 Exception <a 'java/lang/ClassNotFoundException'{0x0000000411e57a48}: io/qameta/allure/csv/CsvExportCategoryCustomizer> (0x0000000411e57a48) 
thrown [s\open\src\hotspot\share\classfile\systemDictionary.cpp, line 312]
Event: 1.359 Thread 0x000001860836f7a0 Exception <a 'java/lang/NoSuchMethodError'{0x0000000411e913e0}: 'int java.lang.invoke.DirectMethodHandle$Holder.invokeStatic(java.lang.Object, java.lang.Object, java.lang.Object, java.lang.Object)'> (0x0000000411e913e0) 
thrown [s\open\src\hotspot\share\interpreter\linkResolver.cpp, line 773]
Event: 1.397 Thread 0x000001860836f7a0 Exception <a 'java/lang/NoSuchMethodError'{0x00000004111200f0}: 'int java.lang.invoke.DirectMethodHandle$Holder.invokeVirtual(java.lang.Object, java.lang.Object)'> (0x00000004111200f0) 
thrown [s\open\src\hotspot\share\interpreter\linkResolver.cpp, line 773]
Event: 1.416 Thread 0x000001860836f7a0 Exception <a 'java/lang/ClassNotFoundException'{0x0000000411419bd8}: io/qameta/allure/csv/CsvExportSuiteBeanInfo> (0x0000000411419bd8) 
thrown [s\open\src\hotspot\share\classfile\systemDictionary.cpp, line 312]
Event: 1.417 Thread 0x000001860836f7a0 Exception <a 'java/lang/ClassNotFoundException'{0x000000041141bea0}: io/qameta/allure/csv/CsvExportSuiteCustomizer> (0x000000041141bea0) 
thrown [s\open\src\hotspot\share\classfile\systemDictionary.cpp, line 312]
Event: 1.467 Thread 0x000001860836f7a0 Exception <a 'java/lang/NoSuchMethodError'{0x0000000410a0c060}: 'int java.lang.invoke.DirectMethodHandle$Holder.invokeInterface(java.lang.Object, java.lang.Object)'> (0x0000000410a0c060) 
thrown [s\open\src\hotspot\share\interpreter\linkResolver.cpp, line 773]
Event: 1.467 Thread 0x000001860836f7a0 Exception <a 'java/lang/IncompatibleClassChangeError'{0x0000000410a0f310}: Found class java.lang.Object, but interface was expected> (0x0000000410a0f310) 
thrown [s\open\src\hotspot\share\interpreter\linkResolver.cpp, line 840]
Event: 1.468 Thread 0x000001860836f7a0 Exception <a 'java/lang/NoSuchMethodError'{0x0000000410a10410}: 'long java.lang.invoke.DirectMethodHandle$Holder.invokeInterface(java.lang.Object, java.lang.Object)'> (0x0000000410a10410) 
thrown [s\open\src\hotspot\share\interpreter\linkResolver.cpp, line 773]
Event: 1.468 Thread 0x000001860836f7a0 Exception <a 'java/lang/IncompatibleClassChangeError'{0x0000000410a136c0}: Found class java.lang.Object, but interface was expected> (0x0000000410a136c0) 
thrown [s\open\src\hotspot\share\interpreter\linkResolver.cpp, line 840]
Event: 1.468 Thread 0x000001860836f7a0 Exception <a 'java/lang/IncompatibleClassChangeError'{0x0000000410a18948}: Found class java.lang.Object, but interface was expected> (0x0000000410a18948) 
thrown [s\open\src\hotspot\share\interpreter\linkResolver.cpp, line 840]
Event: 1.469 Thread 0x000001860836f7a0 Exception <a 'java/lang/IncompatibleClassChangeError'{0x0000000410a1d788}: Found class java.lang.Object, but interface was expected> (0x0000000410a1d788) 
thrown [s\open\src\hotspot\share\interpreter\linkResolver.cpp, line 840]
Event: 1.469 Thread 0x000001860836f7a0 Exception <a 'java/lang/IncompatibleClassChangeError'{0x0000000410a1e328}: Found class java.lang.Object, but interface was expected> (0x0000000410a1e328) 
thrown [s\open\src\hotspot\share\interpreter\linkResolver.cpp, line 840]
Event: 1.469 Thread 0x000001860836f7a0 Exception <a 'java/lang/IncompatibleClassChangeError'{0x0000000410a1edc8}: Found class java.lang.Object, but interface was expected> (0x0000000410a1edc8) 
thrown [s\open\src\hotspot\share\interpreter\linkResolver.cpp, line 840]
Event: 1.469 Thread 0x000001860836f7a0 Exception <a 'java/lang/IncompatibleClassChangeError'{0x0000000410a1f970}: Found class java.lang.Object, but interface was expected> (0x0000000410a1f970) 
thrown [s\open\src\hotspot\share\interpreter\linkResolver.cpp, line 840]
Event: 1.476 Thread 0x000001860836f7a0 Exception <a 'java/lang/IncompatibleClassChangeError'{0x0000000410bdc738}: Found class java.lang.Object, but interface was expected> (0x0000000410bdc738) 
thrown [s\open\src\hotspot\share\interpreter\linkResolver.cpp, line 840]

ZGC Phase Switch (0 events):
No events

VM Operations (20 events):
Event: 3.577 Executing VM operation: Cleanup done
Event: 3.622 Executing VM operation: G1TryInitiateConcMark (G1 Humongous Allocation)
Event: 3.647 Executing VM operation: G1TryInitiateConcMark (G1 Humongous Allocation) done
Event: 4.098 Executing VM operation: G1TryInitiateConcMark (G1 Humongous Allocation)
Event: 4.109 Executing VM operation: G1TryInitiateConcMark (G1 Humongous Allocation) done
Event: 4.527 Executing VM operation: G1TryInitiateConcMark (G1 Humongous Allocation)
Event: 4.535 Executing VM operation: G1TryInitiateConcMark (G1 Humongous Allocation) done
Event: 4.772 Executing VM operation: G1TryInitiateConcMark (G1 Humongous Allocation)
Event: 4.782 Executing VM operation: G1TryInitiateConcMark (G1 Humongous Allocation) done
Event: 4.957 Executing VM operation: G1TryInitiateConcMark (G1 Humongous Allocation)
Event: 4.960 Executing VM operation: G1TryInitiateConcMark (G1 Humongous Allocation) done
Event: 5.115 Executing VM operation: G1TryInitiateConcMark (G1 Humongous Allocation)
Event: 5.136 Executing VM operation: G1TryInitiateConcMark (G1 Humongous Allocation) done
Event: 5.176 Executing VM operation: G1TryInitiateConcMark (G1 Humongous Allocation)
Event: 5.180 Executing VM operation: G1TryInitiateConcMark (G1 Humongous Allocation) done
Event: 5.215 Executing VM operation: G1TryInitiateConcMark (G1 Humongous Allocation)
Event: 5.218 Executing VM operation: G1TryInitiateConcMark (G1 Humongous Allocation) done
Event: 5.241 Executing VM operation: G1TryInitiateConcMark (G1 Humongous Allocation)
Event: 5.260 Executing VM operation: G1TryInitiateConcMark (G1 Humongous Allocation) done
Event: 5.261 Executing VM operation: G1TryInitiateConcMark (G1 Humongous Allocation)

Events (20 events):
Event: 1.685 Thread 0x0000018605fec780 flushing nmethod 0x00000186182aae10
Event: 1.685 Thread 0x0000018605fec780 flushing nmethod 0x00000186182d4490
Event: 1.685 Thread 0x0000018605fec780 flushing nmethod 0x00000186182d7990
Event: 1.685 Thread 0x0000018605fec780 flushing nmethod 0x00000186182b9390
Event: 1.685 Thread 0x0000018605fec780 flushing nmethod 0x00000186182cfb10
Event: 1.685 Thread 0x0000018605fec780 flushing nmethod 0x00000186182b5410
Event: 1.685 Thread 0x0000018605fec780 flushing nmethod 0x00000186182b3d90
Event: 1.685 Thread 0x0000018605fec780 flushing nmethod 0x00000186182c5890
Event: 1.685 Thread 0x0000018605fec780 flushing nmethod 0x00000186182aab10
Event: 1.685 Thread 0x0000018605fec780 flushing nmethod 0x000001861829ae90
Event: 1.685 Thread 0x0000018605fec780 flushing nmethod 0x000001861829a710
Event: 1.685 Thread 0x0000018605fec780 flushing nmethod 0x0000018618296110
Event: 1.685 Thread 0x0000018605fec780 flushing nmethod 0x000001861829f690
Event: 1.685 Thread 0x0000018605fec780 flushing nmethod 0x000001861829eb90
Event: 1.685 Thread 0x0000018605fec780 flushing nmethod 0x0000018618298610
Event: 1.685 Thread 0x0000018605fec780 flushing nmethod 0x0000018618295290
Event: 1.685 Thread 0x0000018605fec780 flushing nmethod 0x000001861829d290
Event: 1.685 Thread 0x0000018605fec780 flushing nmethod 0x0000018618291090
Event: 1.734 Thread 0x0000018636a230f0 Thread exited: 0x0000018636a230f0
Event: 1.734 Thread 0x0000018636a22a20 Thread exited: 0x0000018636a22a20


Dynamic libraries:
0x00007ff679ed0000 - 0x00007ff679ee0000 	C:\Java 21\jdk-21.0.1\bin\java.exe
0x00007ff948450000 - 0x00007ff948667000 	C:\WINDOWS\SYSTEM32\ntdll.dll
0x00007ff947f80000 - 0x00007ff948044000 	C:\WINDOWS\System32\KERNEL32.DLL
0x00007ff9457f0000 - 0x00007ff945ba9000 	C:\WINDOWS\System32\KERNELBASE.dll
0x00007ff945c80000 - 0x00007ff945d91000 	C:\WINDOWS\System32\ucrtbase.dll
0x00007ff93da90000 - 0x00007ff93daab000 	C:\Java 21\jdk-21.0.1\bin\VCRUNTIME140.dll
0x00007ff93dcf0000 - 0x00007ff93dd09000 	C:\Java 21\jdk-21.0.1\bin\jli.dll
0x00007ff9482a0000 - 0x00007ff948352000 	C:\WINDOWS\System32\ADVAPI32.dll
0x00007ff947710000 - 0x00007ff9477b7000 	C:\WINDOWS\System32\msvcrt.dll
0x00007ff948360000 - 0x00007ff948407000 	C:\WINDOWS\System32\sechost.dll
0x00007ff9457c0000 - 0x00007ff9457e8000 	C:\WINDOWS\System32\bcrypt.dll
0x00007ff946170000 - 0x00007ff946284000 	C:\WINDOWS\System32\RPCRT4.dll
0x00007ff946900000 - 0x00007ff946aae000 	C:\WINDOWS\System32\USER32.dll
0x00007ff92bbb0000 - 0x00007ff92be42000 	C:\WINDOWS\WinSxS\amd64_microsoft.windows.common-controls_6595b64144ccf1df_6.0.22621.4391_none_2715d37f73803e96\COMCTL32.dll
0x00007ff945bb0000 - 0x00007ff945bd6000 	C:\WINDOWS\System32\win32u.dll
0x00007ff946400000 - 0x00007ff946429000 	C:\WINDOWS\System32\GDI32.dll
0x00007ff945e20000 - 0x00007ff945f3b000 	C:\WINDOWS\System32\gdi32full.dll
0x00007ff945be0000 - 0x00007ff945c7a000 	C:\WINDOWS\System32\msvcp_win.dll
0x00007ff9411b0000 - 0x00007ff9411ba000 	C:\WINDOWS\SYSTEM32\VERSION.dll
0x00007ff948260000 - 0x00007ff948291000 	C:\WINDOWS\System32\IMM32.DLL
0x00007ff93da20000 - 0x00007ff93da2c000 	C:\Java 21\jdk-21.0.1\bin\vcruntime140_1.dll
0x00007ff9391e0000 - 0x00007ff93926e000 	C:\Java 21\jdk-21.0.1\bin\msvcp140.dll
0x00007ff8efdf0000 - 0x00007ff8f0b05000 	C:\Java 21\jdk-21.0.1\bin\server\jvm.dll
0x00007ff9462f0000 - 0x00007ff946361000 	C:\WINDOWS\System32\WS2_32.dll
0x00007ff9451e0000 - 0x00007ff94522d000 	C:\WINDOWS\SYSTEM32\POWRPROF.dll
0x00007ff935b50000 - 0x00007ff935b84000 	C:\WINDOWS\SYSTEM32\WINMM.dll
0x00007ff945060000 - 0x00007ff945073000 	C:\WINDOWS\SYSTEM32\UMPDC.dll
0x00007ff944790000 - 0x00007ff9447a8000 	C:\WINDOWS\SYSTEM32\kernel.appcore.dll
0x00007ff93da10000 - 0x00007ff93da1a000 	C:\Java 21\jdk-21.0.1\bin\jimage.dll
0x00007ff93f700000 - 0x00007ff93f932000 	C:\WINDOWS\SYSTEM32\DBGHELP.DLL
0x00007ff946430000 - 0x00007ff9467bf000 	C:\WINDOWS\System32\combase.dll
0x00007ff946820000 - 0x00007ff9468f7000 	C:\WINDOWS\System32\OLEAUT32.dll
0x00007ff93ed20000 - 0x00007ff93ed52000 	C:\WINDOWS\SYSTEM32\dbgcore.DLL
0x00007ff945da0000 - 0x00007ff945e1b000 	C:\WINDOWS\System32\bcryptPrimitives.dll
0x00007ff93d670000 - 0x00007ff93d68f000 	C:\Java 21\jdk-21.0.1\bin\java.dll
0x00007ff946d60000 - 0x00007ff9475d6000 	C:\WINDOWS\System32\SHELL32.dll
0x00007ff943690000 - 0x00007ff943f93000 	C:\WINDOWS\SYSTEM32\windows.storage.dll
0x00007ff943550000 - 0x00007ff94368f000 	C:\WINDOWS\SYSTEM32\wintypes.dll
0x00007ff9475e0000 - 0x00007ff9476d9000 	C:\WINDOWS\System32\SHCORE.dll
0x00007ff9467c0000 - 0x00007ff94681e000 	C:\WINDOWS\System32\shlwapi.dll
0x00007ff945680000 - 0x00007ff9456ab000 	C:\WINDOWS\SYSTEM32\profapi.dll
0x00007ff8f6e80000 - 0x00007ff8f6f57000 	C:\Java 21\jdk-21.0.1\bin\jsvml.dll
0x00007ff93d660000 - 0x00007ff93d670000 	C:\Java 21\jdk-21.0.1\bin\net.dll
0x00007ff940330000 - 0x00007ff940466000 	C:\WINDOWS\SYSTEM32\WINHTTP.dll
0x00007ff944c10000 - 0x00007ff944c79000 	C:\WINDOWS\system32\mswsock.dll
0x00007ff93d590000 - 0x00007ff93d5a6000 	C:\Java 21\jdk-21.0.1\bin\nio.dll
0x00007ff93d520000 - 0x00007ff93d538000 	C:\Java 21\jdk-21.0.1\bin\zip.dll
0x00007ff944e60000 - 0x00007ff944e7b000 	C:\WINDOWS\SYSTEM32\CRYPTSP.dll
0x00007ff9446f0000 - 0x00007ff944725000 	C:\WINDOWS\system32\rsaenh.dll
0x00007ff944d00000 - 0x00007ff944d28000 	C:\WINDOWS\SYSTEM32\USERENV.dll
0x00007ff944e80000 - 0x00007ff944e8c000 	C:\WINDOWS\SYSTEM32\CRYPTBASE.dll
0x00007ff944200000 - 0x00007ff94422d000 	C:\WINDOWS\SYSTEM32\IPHLPAPI.DLL
0x00007ff947880000 - 0x00007ff947889000 	C:\WINDOWS\System32\NSI.dll
0x00007ff93d510000 - 0x00007ff93d520000 	C:\Java 21\jdk-21.0.1\bin\verify.dll

dbghelp: loaded successfully - version: 4.0.5 - missing functions: none
symbol engine: initialized successfully - sym options: 0x614 - pdb path: .;C:\Java 21\jdk-21.0.1\bin;C:\WINDOWS\SYSTEM32;C:\WINDOWS\WinSxS\amd64_microsoft.windows.common-controls_6595b64144ccf1df_6.0.22621.4391_none_2715d37f73803e96;C:\Java 21\jdk-21.0.1\bin\server

VM Arguments:
jvm_args: -Xmx16g 
java_command: io.qameta.allure.CommandLine generate --single-file allure-results
java_class_path (initial): C:\Users\info168\AppData\Roaming\npm\node_modules\allure-commandline\dist\lib\allure-commandline-2.29.0.jar;C:\Users\info168\AppData\Roaming\npm\node_modules\allure-commandline\dist\lib\allure-generator-2.29.0.jar;C:\Users\info168\AppData\Roaming\npm\node_modules\allure-commandline\dist\lib\allure-model-2.27.0.jar;C:\Users\info168\AppData\Roaming\npm\node_modules\allure-commandline\dist\lib\allure-plugin-api-2.29.0.jar;C:\Users\info168\AppData\Roaming\npm\node_modules\allure-commandline\dist\lib\allure1-model-1.0.jar;C:\Users\info168\AppData\Roaming\npm\node_modules\allure-commandline\dist\lib\annotations-15.0.jar;C:\Users\info168\AppData\Roaming\npm\node_modules\allure-commandline\dist\lib\byte-buddy-1.14.9.jar;C:\Users\info168\AppData\Roaming\npm\node_modules\allure-commandline\dist\lib\commons-beanutils-1.9.4.jar;C:\Users\info168\AppData\Roaming\npm\node_modules\allure-commandline\dist\lib\commons-codec-1.11.jar;C:\Users\info168\AppData\Roaming\npm\node_modules\allure-commandline\dist\lib\commons-collections-3.2.2.jar;C:\Users\info168\AppData\Roaming\npm\node_modules\allure-commandline\dist\lib\commons-collections4-4.4.jar;C:\Users\info168\AppData\Roaming\npm\node_modules\allure-commandline\dist\lib\commons-io-2.16.1.jar;C:\Users\info168\AppData\Roaming\npm\node_modules\allure-commandline\dist\lib\commons-lang3-3.14.0.jar;C:\Users\info168\AppData\Roaming\npm\node_modules\allure-commandline\dist\lib\commons-logging-1.2.jar;C:\Users\info168\AppData\Roaming\npm\node_modules\allure-commandline\dist\lib\commons-text-1.3.jar;C:\Users\info168\AppData\Roaming\npm\node_modules\allure-commandline\dist\lib\flexmark-0.62.2.jar;C:\Users\info168\AppData\Roaming\npm\node_modules\allure-commandline\dist\lib\flexmark-ext-tables-0.62.2.jar;C:\Users\info168\AppData\Roaming\npm\node_modules\allure-commandline\dist\lib\flexmark-util-0.62.2.jar;C:\Users\info168\AppData\Roaming\npm\node_modules\allure-commandline\dist\lib\flexmark-util-ast-0.62.2.jar;C:\Users\info168\AppData\Roaming\npm\node_modules\allure-commandline\dist\lib\flexmark-util-builder-0.62.2.jar;C:\Users\info168\AppData\Roaming\npm\node_modules\allure-commandline\dist\lib\flexmark-util-collection-0.62.2.jar;C:\Users\info168\AppData\Roaming\npm\node_modules\allure-commandline\dist\lib\flexmark-util-data-0.62.2.jar;C:\Users\info168\AppData\Roaming\npm\node_modules\allure-commandline\dist\lib\flexmark-util-dependency-0.62.2.jar;C:\Users\info168\AppData\Roaming\npm\node_modules\allure-commandline\dist\lib\flexmark-util-format-0.62.2.jar;C:\Users\info168\AppData\Roaming\npm\node_modules\allure-commandline\dist\lib\flexmark-util-html-0.62.2.jar;C:\Users\info168\AppData\Roaming\npm\node_modules\allure-commandline\dist\lib\flexmark-util-misc-0.62.2.jar;C:\Users\info168\AppData\Roaming\npm\node_modules\allure-commandline\dist\lib\flexmark-util-options-0.62.2.jar;C:\Users\info168\AppData\Roaming\npm\node_modules\allure-commandline\dist\lib\flexmark-util-sequence-0.62.2.jar;C:\Users\info168\AppData\Roaming\npm\node_modules\allure-commandline\dist\lib\flexmark-util-visitor-0.62.2.jar;C:\Users\info168\AppData\Roaming\npm\node_modules\allure-commandline\dist\lib\freemarker-2.3.32.jar;C:\Users\info168\AppData\Roaming\npm\node_modules\allure-commandline\dist\lib\httpclient-4.5.14.jar;C:\Users\info168\AppData\Roaming\npm\node_modules\allure-commandline\dist\lib\httpcore-4.4.16.jar;C:\Users\info168\AppData\Roaming\npm\node_modules\allure-commandline\dist\lib\jackson-annotations-2.17.0.jar;C:\Users\info168\AppData\Roaming\npm\node_modules\allure-commandline\dist\lib\jackson-core-2.17.0.jar;C:\Users\info168\AppData\Roaming\npm\node_modules\allure-commandline\dist\lib\jackson-databind-2.17.0.jar;C:\Users\info168\AppData\Roaming\npm\node_modules\allure-commandline\dist\lib\jackson-dataformat-xml-2.17.0.jar;C:\Users\info168\AppData\Roaming\npm\node_modules\allure-commandline\dist\lib\jackson-dataformat-yaml-2.17.0.jar;C:\Users\info168\AppData\Roaming\npm\node_modules\allure-commandline\dist\lib\jackson-module-jaxb-annotations-2.17.0.jar;C:\Users\info168\AppData\Roaming\npm\node_modules\allure-commandline\dist\lib\jakarta.activation-api-1.2.2.jar;C:\Users\info168\AppData\Roaming\npm\node_modules\allure-commandline\dist\lib\jakarta.xml.bind-api-2.3.3.jar;C:\Users\info168\AppData\Roaming\npm\node_modules\allure-commandline\dist\lib\javax.activation-api-1.2.0.jar;C:\Users\info168\AppData\Roaming\npm\node_modules\allure-commandline\dist\lib\javax.servlet-api-3.1.0.jar;C:\Users\info168\AppData\Roaming\npm\node_modules\allure-commandline\dist\lib\jaxb-api-2.3.1.jar;C:\Users\info168\AppData\Roaming\npm\node_modules\allure-commandline\dist\lib\jaxb-utils-1.0.jar;C:\Users\info168\AppData\Roaming\npm\node_modules\allure-commandline\dist\lib\jcommander-1.82.jar;C:\Users\info168\AppData\Roaming\npm\node_modules\allure-commandline\dist\lib\jetty-http-9.4.53.v20231009.jar;C:\Users\info168\AppData\Roaming\npm\node_modules\allure-commandline\dist\lib\jetty-io-9.4.53.v20231009.jar;C:\Users\info168\AppData\Roaming\npm\node_modules\allure-commandline\dist\lib\jetty-server-9.4.53.v20231009.jar;C:\Users\info168\AppData\Roaming\npm\node_modules\allure-commandline\dist\lib\jetty-util-9.4.53.v20231009.jar;C:\Users\info168\AppData\Roaming\npm\node_modules\allure-commandline\dist\lib\logback-classic-1.3.14.jar;C:\Users\info168\AppData\Roaming\npm\node_modules\allure-commandline\dist\lib\logback-core-1.3.14.jar;C:\Users\info168\AppData\Roaming\npm\node_modules\allure-commandline\dist\lib\opencsv-4.6.jar;C:\Users\info168\AppData\Roaming\npm\node_modules\allure-commandline\dist\lib\properties-2.0.RC5.jar;C:\Users\info168\AppData\Roaming\npm\node_modules\allure-commandline\dist\lib\slf4j-api-2.0.13.jar;C:\Users\info168\AppData\Roaming\npm\node_modules\allure-commandline\dist\lib\snakeyaml-2.2.jar;C:\Users\info168\AppData\Roaming\npm\node_modules\allure-commandline\dist\lib\stax2-api-4.2.2.jar;C:\Users\info168\AppData\Roaming\npm\node_modules\allure-commandline\dist\lib\tika-core-2.9.2.jar;C:\Users\info168\AppData\Roaming\npm\node_modules\allure-commandline\dist\lib\woodstox-core-6.6.1.jar;C:\Users\info168\AppData\Roaming\npm\node_modules\allure-commandline\dist\lib\config
Launcher Type: SUN_STANDARD

[Global flags]
     intx CICompilerCount                          = 4                                         {product} {ergonomic}
     uint ConcGCThreads                            = 3                                         {product} {ergonomic}
     uint G1ConcRefinementThreads                  = 10                                        {product} {ergonomic}
   size_t G1HeapRegionSize                         = 8388608                                   {product} {ergonomic}
    uintx GCDrainStackTargetSize                   = 64                                        {product} {ergonomic}
   size_t InitialHeapSize                          = 268435456                                 {product} {ergonomic}
   size_t MarkStackSize                            = 4194304                                   {product} {ergonomic}
   size_t MaxHeapSize                              = 17179869184                               {product} {command line}
   size_t MaxNewSize                               = 10301210624                               {product} {ergonomic}
   size_t MinHeapDeltaBytes                        = 8388608                                   {product} {ergonomic}
   size_t MinHeapSize                              = 8388608                                   {product} {ergonomic}
    uintx NonNMethodCodeHeapSize                   = 5839372                                {pd product} {ergonomic}
    uintx NonProfiledCodeHeapSize                  = 122909434                              {pd product} {ergonomic}
    uintx ProfiledCodeHeapSize                     = 122909434                              {pd product} {ergonomic}
    uintx ReservedCodeCacheSize                    = 251658240                              {pd product} {ergonomic}
     bool SegmentedCodeCache                       = true                                      {product} {ergonomic}
   size_t SoftMaxHeapSize                          = 17179869184                            {manageable} {ergonomic}
     bool UseCompressedOops                        = true                           {product lp64_product} {ergonomic}
     bool UseG1GC                                  = true                                      {product} {ergonomic}
     bool UseLargePagesIndividualAllocation        = false                                  {pd product} {ergonomic}

Logging:
Log output configuration:
 #0: stdout all=warning uptime,level,tags foldmultilines=false
 #1: stderr all=off uptime,level,tags foldmultilines=false

Environment Variables:
JAVA_HOME=C:\Java 21\jdk-21.0.1
_JAVA_OPTIONS=-Xmx16g
CLASSPATH=C:\Users\info168\AppData\Roaming\npm\node_modules\allure-commandline\dist\lib\*;C:\Users\info168\AppData\Roaming\npm\node_modules\allure-commandline\dist\lib\config
PATH=C:\WINDOWS\system32;C:\WINDOWS;C:\WINDOWS\System32\Wbem;C:\WINDOWS\System32\WindowsPowerShell\v1.0\;C:\WINDOWS\System32\OpenSSH\;C:\Program Files\Java\jdk-20\bin;C:\Java 21\jdk-21.0.1\bin;C:\Program Files\nodejs\;C:\Users\info168\AppData\Local\Microsoft\WindowsApps;C:\Users\info168\AppData\Roaming\npm;C:\Users\info168\AppData\Local\Programs\Microsoft VS Code\bin
USERNAME=info168
OS=Windows_NT
PROCESSOR_IDENTIFIER=Intel64 Family 6 Model 167 Stepping 1, GenuineIntel
TMP=C:\Users\info168\AppData\Local\Temp
TEMP=C:\Users\info168\AppData\Local\Temp




Periodic native trim disabled

---------------  S Y S T E M  ---------------

OS:
 Windows 11 , 64 bit Build 22621 (10.0.22621.4391)
OS uptime: 27 days 7:49 hours

CPU: total 12 (initial active 12) (6 cores per cpu, 2 threads per core) family 6 model 167 stepping 1 microcode 0x50, cx8, cmov, fxsr, ht, mmx, 3dnowpref, sse, sse2, sse3, ssse3, sse4.1, sse4.2, popcnt, lzcnt, tsc, tscinvbit, avx, avx2, aes, erms, clmul, bmi1, bmi2, adx, avx512f, avx512dq, avx512cd, avx512bw, avx512vl, sha, fma, vzeroupper, avx512_vpopcntdq, avx512_vpclmulqdq, avx512_vaes, avx512_vnni, clflush, clflushopt, avx512_vbmi2, avx512_vbmi, rdtscp, rdpid, fsrm, gfni, avx512_bitalg, f16c, pku, avx512_ifma
Processor Information for all 12 processors :
  Max Mhz: 2592, Current Mhz: 2592, Mhz Limit: 2592

Memory: 4k page, system-wide physical 16149M (1469M free)
TotalPageFile size 29259M (AvailPageFile size 2187M)
current process WorkingSet (physical memory assigned to process): 1968M, peak: 2174M
current process commit charge ("private bytes"): 6130M, peak: 10194M

vm_info: Java HotSpot(TM) 64-Bit Server VM (21.0.1+12-LTS-29) for windows-amd64 JRE (21.0.1+12-LTS-29), built on 2023-10-05T13:27:09Z by "mach5one" with MS VC++ 17.1 (VS2022)

END.
